Source;Target;Type;Weight
tri_info;anthonyraphael_;Mixed;1
sharonclues;gaystarnews;Directed;1
drmichaelp;thehealthygp;Mixed;1
shazanfar;jenny_stem;Directed;1
christinamkhael;bubblesaus;Mixed;1
snackbarass;dove;Directed;1
meisshaily;tri_info;Directed;1
kevinmorgantas;dove;Directed;1
melbourneyum;melbourneyum;Mixed;4
mikoyamada1086;tarlprow;Mixed;1
caitzeee;missy_lanning;Mixed;1
unimelbmdhs;sincdermatology;Directed;1
thehealthygp;nomadicgp;Directed;2
dgoaim;drlawrenceosman;Mixed;1
nathantoll_;thamkhaimeng;Mixed;1
thetelling;itsmebeccax;Directed;1
nashoskian;neutrogena;Directed;1
amoz1972;jidjournal;Directed;1
justinskians_;simpleskincare;Directed;1
vacuousness;dove;Directed;1
haleyunscripted;dove;Directed;1
funnysmells;mrzeeco;Mixed;1
dgoaim;ancientanatolia;Mixed;2
genero;dove;Directed;3
__eclectica;thamkhaimeng;Mixed;1
superstarphenom;dove;Directed;1
pony_farts;vrunt;Mixed;1
mm_ssssshh;dove;Directed;1
yolanda_vu_;palmersuk;Directed;1
womeninmediaoz;haleyunscripted;Mixed;1
ozdermatologist;dermnetnz;Mixed;1
rheemor;ncloonan;Directed;1
tribeflare;huffingtonpost;Directed;1
kerrygoldwyn;neutrogena;Mixed;1
_roxanne10_;simpleskincare;Directed;1
sadhbhis;neutrogena;Directed;4
tcox_lab;unsw;Directed;1
jorja_xo;zoevacosmetics;Directed;1
tcox_lab;amoz1972;Directed;1
marya_kenya254;shondarhimes;Mixed;1
ktasanders;drsaxonsmith;Mixed;1
_samanthaf_;fastfm;Mixed;1
desiresfool;aquiversivan;Directed;1
thehealthygp;amaq_president;Directed;1
pollymaeve;kymtje;Directed;1
mbrown_beauty;jesintacampbell;Directed;1
voguefitblog;dove;Directed;4
cpradelaide;dove;Directed;1
drsaxonsmith;amycorderoy;Mixed;1
skinfitlife;uqdrc;Mixed;1
chatbottest;dove;Directed;1
rainamacintyre;gillianscott07;Directed;1
katshepsutt;dove;Directed;1
lasercareaust;lasercareaust;Directed;1
dgoaim;stgmrf;Directed;1
thanhvyn;heartdefensor;Mixed;2
kari_shah;vaselinebrand;Directed;1
hoodftmendes;nashgrier;Mixed;1
larocheposay_au;wepunchbears;Directed;3
mrodriguesmd;vitiligosupport;Directed;1
ketaminh;sunnycsharma;Directed;2
vagniou;dove;Directed;4
nickhongsenglee;hpsoyer;Mixed;1
reportwe;fastcompany;Directed;1
pws5678;dove;Directed;1
dgoaim;elleuk;Directed;1
proactivaus;rubygolani;Directed;2
bellasspot;proactivaus;Directed;1
pray4merder;katieheigl;Mixed;1
mrodriguesmd;vcrebecca;Directed;1
kitkatsholt;neutrogena;Mixed;1
larocheposay_au;newscomauhq;Directed;1
blueskyemining;elvinm;Directed;1
yolanda_vu_;plasticdiaries;Directed;1
dangerdolanss;nashgrier;Directed;2
ozharvest;dove;Directed;1
ceceandgrace;nuxeaustralia;Directed;1
mrodriguesmd;aadskin;Mixed;13
proactivaus;oliviamunn;Directed;2
jarradmitchell;justkelly_ok;Directed;1
karlskib;bulubane;Directed;4
justsocialize;sallyhogshead;Directed;1
_midofo_;upulie;Directed;1
welcometocom;huffingtonpost;Directed;1
teamdaley;dove;Directed;1
thehealthygp;palliverse;Directed;1
gerrygannon;bloggerconf;Directed;2
vanessaworldofh;dove;Directed;1
jesseankh;fashionista_com;Directed;1
tiana_g123;thehealthygp;Mixed;2
roud7734;sallyjsara;Directed;1
ausssc;hpsoyer;Directed;6
lildamekl;dove;Directed;1
esseeeayeenn;ellenblogs;Directed;2
ontakt;dove;Directed;1
auntycath1;vaselinebrand;Directed;1
katshepsutt;dermalogicaaus;Directed;1
goldwynpope;kerracters;Mixed;12
anaestricks;anaesthesia_agb;Directed;3
mattbrick1;larocheposay_au;Directed;1
cybermum_au;newscomauhq;Directed;2
brookmanknight;thehealthygp;Mixed;2
leighacampbell;dove;Directed;1
essjayeff;dove;Directed;1
lovinggrimmeh;teenvogue;Directed;2
jesseankh;muradskincare;Directed;1
rustyroar;c0nvey;Directed;1
beautybyyvee;dermalogicaaus;Directed;1
acegiak;dove;Directed;1
dgoaim;sonalbisht;Mixed;1
platinumderma;aadskin;Mixed;7
dgoaim;elif_safak;Directed;1
mashxtowin;stillgray;Directed;2
mrodriguesmd;harrisvitiligo;Directed;1
coopesdetat;clairehenry0;Directed;1
thedaisygardner;adland;Mixed;1
parsacarly;dove;Directed;2
melbourneyum;muradskincare;Directed;1
melliszewski;louiserawauthor;Mixed;1
cybermum_au;dove;Directed;1
dgoaim;ftlifearts;Mixed;1
manallxox;reunelleh;Directed;1
campingstik;boygeorge;Mixed;1
mrodriguesmd;bsfcharity;Directed;1
drmichaelp;racgp;Mixed;1
cherieangela4;dove;Directed;1
samwinterland;sallyhogshead;Directed;1
carouselworld;dermalogicaaus;Directed;1
kiakho;uqdrc;Mixed;2
spinzig;dove;Directed;1
rustyroar;brookemiccio;Directed;1
dgoaim;ipcps;Mixed;2
len41;zooinspectors;Directed;1
tamacoleo;unilever;Directed;2
diva_ex_machina;sankofamind;Directed;1
jay96;qldgenomics;Mixed;1
drericlevi;thehealthygp;Mixed;1
waggafeminist;dove;Directed;3
elizaclairem;dove;Directed;1
mashxtowin;dove;Directed;2
womeninmediaoz;cindygallop;Mixed;1
racgp;thehealthygp;Mixed;1
ianmessum;dove;Directed;1
muazammirazman;thamkhaimeng;Mixed;1
nzuccca;nashgrier;Mixed;1
roosh_w;neutrogena;Directed;1
dvora_olds;neutrogena;Directed;1
ausssc;kiakho;Directed;1
maylisa805;thamkhaimeng;Mixed;1
neonchipmunk;proactivaus;Directed;1
sqrlst;theage;Directed;1
amoz1972;jaimeehoefert;Directed;1
sueken;sallyhogshead;Directed;1
mardiek;boygeorge;Directed;1
goldwynpope;neutrogena;Mixed;6
mrodriguesmd;telegramdotcom;Directed;1
ruthstarke;sallyjsara;Directed;1
mrodriguesmd;cedrekmd;Directed;1
dgoaim;cntraveler;Mixed;5
bubblesaus;jenna_goodwin1;Mixed;1
rheemor;amoz1972;Directed;1
helcat22;olayskin;Directed;1
heatheriwatkins;skin3340;Directed;1
orendamagau;cocacola;Directed;1
mrodriguesmd;dgoaim;Mixed;2
mrodriguesmd;juliemango2012;Directed;1
ausssc;naevicre;Mixed;4
hpsoyer;aimatmelanoma;Mixed;2
stephen51880133;dove;Directed;1
lovinggrimmeh;olivia_holt;Directed;9
soundscaper;dove;Directed;1
viennavox1;dove;Directed;1
re_elfashion;bysamanthamarch;Directed;1
nakedgardiner;pahospital;Mixed;1
thehealthygp;acemonline;Directed;1
davroe;birchbox;Directed;1
thehealthygp;underthebarshow;Directed;1
fionagillen2013;whoaitsleah;Directed;1
mrodriguesmd;seemalrdesaimd;Directed;5
aweacademy;cosmedispa;Directed;1
jameskbrooks;kimraluna;Directed;1
kopeckizlatko;hpsoyer;Mixed;1
soundscaper;whoaitsleah;Directed;1
scuraido;tongotongoz;Mixed;1
thehealthygp;corbetron;Directed;1
dinnykayo;nashgrier;Mixed;1
hpsoyer;thepeerj;Directed;1
dermatologyaust;lasercareaust;Mixed;1
nsdermatology;nsdermatology;Directed;12
erikveland;vrunt;Mixed;1
mrodriguesmd;tayediggs;Mixed;4
hpsoyer;qldgenomics;Directed;5
cre_telehealth;hpsoyer;Directed;6
plasticdiaries;yolanda_vu_;Directed;2
amoz1972;austnicole;Directed;1
popamnesty;dove;Directed;1
jachar90;avoninsider;Directed;1
drdina1;dove;Directed;1
aweacademy;foxtel;Directed;1
rainamacintyre;drcford;Directed;1
thehealthygp;acrrm;Directed;3
hpsoyer;advanceqld;Directed;1
qldgenomics;uq_news;Directed;1
lladymax;dove;Directed;1
qutmedia;hpsoyer;Directed;1
stefanobris;uqdrc;Mixed;1
ausssc;qimrberghofer;Directed;3
styleguytv;dermalogicaaus;Directed;1
emiiyjade;thisisamplify;Mixed;1
tri_info;uqdrc;Directed;6
trishheng;cetaphil_au;Directed;1
ern_malleyscrub;dove;Directed;1
venusgoesgidget;dove;Directed;1
aliceroared;neutrogena;Directed;1
plasticdiaries;sttropeztan;Directed;2
jenny_stem;mincle;Mixed;3
scottjok;simpleskincare;Directed;1
thehealthygp;partridgegp;Directed;2
cmakeupmaniaah;larocheposay_au;Directed;1
uqmedicine;cre_telehealth;Mixed;1
hpsoyer;uqmbs;Directed;1
chelle_spia;dove;Directed;1
hpsoyer;hpsoyer;Mixed;6
goldwynpope;scandaluscious;Mixed;1
meisshaily;pahospital;Directed;1
byrdiebeautyau;sephoraaus;Directed;1
platinumderma;mnt_skincancer;Directed;1
scuraido;grouplotusplc;Mixed;1
becabops34;theunitedstites;Directed;1
gerrygannon;neutrogena;Directed;2
carouselworld;bhspendlove;Mixed;1
thehealthygp;ryanholiday;Directed;1
socialchangeaus;kiwithebeauty;Mixed;1
givecancerquack;uqdrc;Directed;1
ashleywinn01;dove;Mixed;1
thesydneygloss;clinique_oz;Directed;1
samantixism;msveruca;Mixed;1
dgoaim;un_women;Mixed;1
uon_nova;a_evangeli;Directed;1
790mel;c0nvey;Directed;1
amoz1972;_rogers;Directed;1
audermreviews;thenci;Mixed;2
jacobsmellet;thisisamplify;Mixed;1
dgoaim;cochraneuk;Directed;1
naevicre;tri_info;Mixed;3
cre_telehealth;kathydallest;Directed;1
justsocialize;huffingtonpost;Directed;1
thelifeof_laura;dermalogicaaus;Directed;1
rainamacintyre;cewakefield;Directed;1
amoz1972;ericaschoutennl;Directed;1
stepupdigital;poopourri;Directed;1
persuasiveprose;kimraluna;Directed;1
shinyglitterbug;proactivaus;Directed;1
doctorpjr;campaignmag;Mixed;1
omfgrules;simpleskincare;Mixed;1
corbetron;thehealthygp;Mixed;1
maccapolitical;thedermeditor;Directed;2
proactivaus;youtube;Directed;1
naevicre;jamaderm;Directed;1
larocheposay_au;huffpostau;Directed;1
diva_ex_machina;louiserawauthor;Directed;1
jessicasimone03;becky_k_white;Directed;1
affiliatebyapd;pricelineau;Directed;1
itstalecia;eucerinus;Directed;4
sleepandwater;simpleskincare;Directed;1
euanj_thomas;dove;Directed;1
dgoaim;pskinpscientist;Mixed;1
traceymfoley;dove;Directed;1
adjstrmembered;kristenasamom;Mixed;1
cfwriter;unsw;Directed;2
hpsoyer;parfoundation;Directed;3
mssfairchild;hyperglavin;Mixed;1
mrodriguesmd;stateoftheark;Directed;1
amoz1972;mincle;Directed;1
cheapexcuses;frantasticmaiya;Directed;2
soul_james;dove;Directed;1
lucindawright_;adventuredolann;Mixed;1
thehealthygp;morganhousel;Mixed;1
vacuousness;abcthedrum;Directed;1
ausssc;batoul_baz;Mixed;1
redfernmichelle;ultratuneaust;Directed;1
lorealaustralia;skinfitlife;Directed;1
amoz1972;giselaschuller;Directed;1
epworthgp;sincdermatology;Directed;2
batoul_baz;maternews;Directed;1
mashxtowin;supperdude9;Directed;1
dgoaim;dermathens;Mixed;2
tswestbrook;jennineak;Mixed;1
sweetawareness;dove;Directed;1
jankurdt;dove;Directed;1
uqmedicine;hpsoyer;Mixed;18
bdhpinfo;pahospital;Mixed;1
hpsoyer;23andme;Directed;1
batoul_baz;uqdrc;Mixed;2
kate_carnell;dove;Directed;1
docandrewj;dinogrumpy;Directed;1
tropicalqld;olayskin;Directed;1
dianna_kenny;dove;Directed;1
davinaleecooper;dove;Directed;1
mrodriguesmd;vumchealth;Directed;1
cdsumi87;uqdrc;Directed;1
tonialou1;dove;Directed;2
ausssc;bdhpinfo;Directed;1
ralphd2;jennineak;Mixed;1
theremotecoach;kimraluna;Directed;1
salinasydney;proactivaus;Directed;1
blueskyemining;unileverusa;Directed;1
anahcaquino;yugijc;Mixed;1
naevicre;uqdrc;Directed;17
drsaxonsmith;aimatmelanoma;Mixed;1
larocheposay_au;labmuffin;Directed;1
chloeilovedelta;boygeorge;Mixed;1
jacobsmellet;mypetalboytroye;Mixed;1
prue_donovan;hpsoyer;Mixed;1
cdsumi87;3mt_official;Directed;1
gaya12thri;rachel_handler;Mixed;1
cdsumi87;uq_news;Directed;1
deborahtobias;kitkat;Directed;1
letowynnyt;olayskin;Directed;1
elphrat;vrunt;Mixed;1
uqmedicine;qldgemomics;Directed;1
mrodriguesmd;modmedical;Directed;1
ern_malleyscrub;msveruca;Directed;1
uqmedicine;uq_news;Mixed;2
lissagiedraitis;simpleskincare;Directed;1
heatheriwatkins;bootsuk;Directed;1
joshyboi88;dove;Directed;1
byrdiebeautyau;deciem;Directed;1
dustyspades;dove;Directed;1
elissa_campbell;thehealthygp;Mixed;1
ellewolfhagen;ogilvy;Mixed;1
tiahmccurdy;daz_black;Directed;2
mrodriguesmd;drlisarobinson;Directed;1
dgoaim;seemalrdesaimd;Mixed;3
seangeoghegan;campaignliveus;Mixed;1
cfwriter;amoz1972;Directed;1
mrodriguesmd;lorealaustralia;Directed;1
thepunkrockshop;l2_digital;Directed;1
shaniquaqks;heartdefensor;Directed;1
byrdiebeautyau;vaselinebrand;Directed;3
dgoaim;jidjournal;Mixed;2
aussietrudes;dove;Directed;1
cre_telehealth;tri_info;Directed;1
abcthedrum;symonsbrown;Mixed;1
polyrizumu;dove;Mixed;1
ninaashfield;dove;Directed;1
thehealthygp;paullewiscann1;Directed;1
prachipreaches;dove;Directed;1
apureindulgence;dermalogicaaus;Directed;2
badbarbiemaraj;dove;Mixed;1
drbarsoumr;protoninfo;Mixed;1
tri_info;wanderingmanesp;Directed;1
satuc;hannahcooper40;Mixed;1
mattbrick1;alisterrobbie;Directed;1
ketaminh;geoffmenzies;Directed;1
nicoleliebmann;dove;Directed;2
mrodriguesmd;bsfcharity;Mixed;2
mrwebmarketing;kimraluna;Directed;1
ontakt;huffingtonpost;Directed;1
secondcaylen;nashgrier;Mixed;1
batoul_baz;hpsoyer;Directed;2
drrimmer;bdhpinfo;Mixed;1
jjm7530;dove;Directed;1
amy_max_;neutrogena;Directed;1
ahaermeyer;campaignliveus;Mixed;1
michelleleech5;monash_fmnhs;Directed;1
mrodriguesmd;kylesoamazin;Directed;1
nicoleliebmann;adnews;Directed;1
dgoaim;skindoctornz;Mixed;1
supermadchick;neutrogena;Directed;1
aliciaceleste;thehealthygp;Mixed;1
batoul_baz;uq_news;Directed;1
amoz1972;whereisdaz;Mixed;1
mrodriguesmd;mmaxwellstroud;Directed;1
thelabfeed;muradskincarehttp;Directed;1
mrodriguesmd;drdesjarlais;Directed;1
platinumderma;mnt;Mixed;4
siobhanbarry_;hpsoyer;Mixed;1
mbpaperpackages;larocheposay_au;Directed;1
zechray;amnestyoz;Mixed;1
amnestyoz;benandjerrys;Directed;1
mrodriguesmd;olivierbranford;Directed;2
aoifehaigh123;babyariel;Mixed;1
aussie;ozharvest;Mixed;1
librariannaoz;dove;Directed;1
uqhealth;uqmedicine;Mixed;1
mdmabsentminded;haikuvikinggal;Mixed;1
christieee__xo;missinglynxx;Mixed;1
mrodriguesmd;millerbioethics;Directed;1
ohmeplums;melbournebitter;Directed;1
scuraido;lesletoile;Mixed;1
cindyburke;keithweed;Mixed;1
invest_brisbane;hpsoyer;Mixed;1
welcometocom;kimraluna;Directed;1
thehealthygp;dr_polarbird;Directed;2
jamieandniks;olayskin;Directed;1
people_reel;simpleskin;Directed;1
prajwaltuladhar;ashbroomie;Mixed;3
dgoaim;voguemagazine;Mixed;1
dgoaim;debraaustralia;Mixed;1
mrodriguesmd;dranjalimahto;Mixed;1
justsocialize;dove;Directed;1
cmakeupmaniaah;pricelineau;Directed;1
mrodriguesmd;susantaylormd;Directed;1
dgoaim;hgaladarimd;Mixed;1
anakinbiwalker;joshkeaton;Directed;1
snackbarass;markdice;Directed;1
prajwaltuladhar;robmarshall;Mixed;1
people_reel;simpleskincare;Directed;1
jasonroberts_pk;hpsoyer;Directed;1
tcox_lab;dgoaim;Directed;1
quincydgarin;dove;Mixed;2
drbarsoumr;uqdrc;Mixed;1
karlskib;iitalw;Directed;3
thehealthygp;ezdrugid;Directed;1
drbarsoumr;drdgoldstein;Mixed;1
hazel_rhodes1;dove;Directed;1
nsdermatology;realhughjackman;Directed;1
hyperglavin;iitalw;Directed;5
redfernmichelle;dove;Directed;1
pollymaeve;hyperglavin;Mixed;1
meisshaily;uqmedicine;Directed;1
uq_phnutrition;camerondickqld;Mixed;1
socialchangeaus;melissakblair;Mixed;1
jenhock13;cartoonkate;Mixed;1
melmc13;davinlim1971;Directed;1
chefoies;jihyosarchive;Mixed;1
byrdiebeautyau;skinceuticals;Directed;2
kerrygoldwyn;neutrogena;Directed;4
mrodriguesmd;jaadjournals;Mixed;1
cathgrey;olayskin;Directed;1
themrsfae;caissie;Mixed;1
bubblesaus;wagggs_world;Directed;1
thetiamari_oz;shondarhimes;Mixed;1
woodwardgeorgie;dove;Mixed;1
alexburns;tri_info;Mixed;2
sophie_bella13;femalebloggerrt;Directed;1
createdevelop;omri_rawrlan;Mixed;1
tbcchats;ashtbc;Directed;1
mediascope_;wrightspr;Mixed;1
hpsoyer;mmartinkhan;Mixed;1
janetbackstage;dove;Directed;1
carolin35724834;benandjerrys;Directed;1
geleneiquez74;juliebabyar;Mixed;1
mitchills;dove;Directed;1
samanthaswai;larocheposay_au;Directed;2
tayroser5;olivia_holt;Mixed;1
emmaparsons23;dove;Directed;1
au_gpreview;mrodriguesmd;Mixed;2
hyperglavin;bulubane;Directed;10
ruby_walsh95;samsolway;Directed;1
platinumderma;skintypesol;Mixed;1
derick_kruis;cybelesays;Mixed;1
faizatariq2008;neutrogena;Directed;1
proactivaus;kay_williams97;Directed;1
drsaxonsmith;womenshealthaus;Directed;1
helloskinmart;dermalogicaaus;Directed;1
drsaxonsmith;melanoma_nz;Mixed;1
jameskbrooks;dove;Directed;1
thehealthygp;urtubiaricardo;Directed;1
suenorr11888815;dove;Mixed;1
rainamacintyre;wvzhealthwriter;Directed;1
coopesdetat;cewakefield;Directed;1
mrodriguesmd;nytimes;Mixed;1
dgoaim;cdcstd;Mixed;1
officalac_;dove;Directed;2
byrdiebeautyau;kiehlsaustralia;Directed;1
thatsdruidic;dove;Directed;1
awkward_ella;ardenrose;Mixed;1
amarsh6annalise;nashgrier;Mixed;1
amnestyoz;kitkat;Directed;1
dgoaim;jeffrey_archer;Mixed;2
hippychicky55;theprojecttv;Mixed;1
dranneline;drpeate;Mixed;1
sampavin;theitmom;Mixed;1
nikiromeyn7;campaignliveus;Mixed;1
ms_maire;carey_fiona;Directed;2
scuraido;tism1982;Mixed;1
blissful1706;neutrogena;Directed;1
decertatio;justkelly_ok;Directed;1
skinfitlife;drsaxonsmith;Mixed;1
thehealthygp;keryncurtis;Mixed;1
gazalucci;dove;Directed;1
becabops34;dove;Directed;1
boyfromburleigh;dove;Directed;2
mrodriguesmd;aadamsonmd;Mixed;5
dgoaim;marcyale;Mixed;1
bubblesaus;wagggs_world;Mixed;1
dgoaim;beyondfiveorg;Mixed;3
mischbypls;caissie;Mixed;1
lucindawright_;adventuredolann;Directed;2
digital_tanya;benandjerrys;Directed;1
tbcchats;larocheposay_au;Directed;1
sharonclues;naturalallwoman;Directed;1
lovinggrimmeh;holt_source;Mixed;2
claremaxfield;kimraluna;Directed;1
dermalogicaaus;thelifeof_laura;Mixed;1
sueken;poopourri;Directed;1
kuroshparsi;evently;Mixed;1
eleytherius;thehealthygp;Directed;1
coopesdetat;drsachasb;Directed;1
kateemerson88;4_13_arian;Mixed;1
mystic_medusa;cathiatkins;Mixed;1
tiahmccurdy;rachbeyda;Mixed;1
naevicre;qldgenomics;Mixed;1
amoz1972;hannahrtwigg;Directed;1
bdhpinfo;hpsoyer;Mixed;2
jenhock13;babymilkaction;Mixed;1
sueken;dove;Directed;1
ama_nsw;drsaxonsmith;Mixed;8
camalarcon;wrightspr;Mixed;1
kerrygoldwyn;kerrywashington;Mixed;5
batoul_baz;uqmedicine;Directed;2
josbowles;amoz1972;Mixed;3
coopesdetat;a_nickerson36;Directed;1
876taylor_made;dove;Directed;1
hpsoyer;naevicre;Directed;10
trenordennicola;vicamnesty;Mixed;1
hpsoyer;conversationus;Directed;1
lavalounger;campaignliveus;Mixed;1
deborahtobias;dove;Directed;1
joshy206;leboism;Directed;1
mrodriguesmd;esdrorg;Directed;1
dgoaim;harvardhealth;Mixed;9
theprojecttv;drsaxonsmith;Mixed;1
dranneline;drcford;Directed;1
davroe;msrolltidebama;Directed;1
hpsoyer;dermcloud;Mixed;1
ms_maire;doveuk;Directed;1
sarahjbuckley;godfrey_isaacs;Mixed;1
skinfitlife;larocheposay_au;Directed;4
i_am_clovitus;dove;Directed;1
hpsoyer;ids_dermoscopy;Directed;7
spinzig;amtrump4pres;Directed;1
snapphotomatt;c0nvey;Directed;1
skinfitlife;hpsoyer;Mixed;1
byrdiebeautyau;muradskincare;Directed;2
melframe;camerondickqld;Mixed;1
arnomichelin;neutrogena;Directed;3
lovinggrimmeh;amyoresman;Mixed;9
skinfitlife;dgoaim;Mixed;2
aweacademy;thefacialist_online;Directed;1
pollymaeve;hyperglavin;Directed;1
mrodriguesmd;drwalhussain1;Directed;2
shnxr;snapchat;Directed;1
adamferrier;dove;Directed;1
symonsbrown;dove;Directed;1
serenamleigh;drphiltong;Mixed;1
dgoaim;normanswan;Mixed;2
cutequeer96;yeoshinlourdes;Mixed;1
feministbec;dove;Directed;1
amoz1972;emcrforum;Directed;1
scuraido;paulkimmage;Directed;1
mrodriguesmd;johnrampton;Directed;1
theotherbrodie;darealamberrose;Mixed;1
mcjsbusiness;hivemeitner;Mixed;1
thetiamari_oz;carolagmakeup;Directed;1
mimijazman;thamkhaimeng;Mixed;1
uqmedicine;qldgenomics;Mixed;1
nsdermatology;aimatmelanoma;Mixed;5
drsaxonsmith;dermatologyaust;Mixed;1
muppet_poolie;nashgrier;Mixed;1
wmsaustralia;poopourri;Directed;1
assangefreedom;dove;Directed;1
thekathoyos;universalpicsau;Directed;1
mrodriguesmd;ipcc2017;Mixed;2
aestheticskin2;skinceuticals;Mixed;1
edamemebeans;ardenrose;Directed;1
jasonroberts_pk;uqmedicine;Directed;1
hpsoyer;metsthhealth;Directed;1
drdina1;mombian;Directed;1
dgoaim;bsfcharity;Mixed;1
ausssc;uqdrc;Directed;4
jakenorris85;dove;Directed;1
skiposs;jennineak;Mixed;1
hpsoyer;elsevierconnect;Directed;1
iamjannn;dove;Directed;1
veronicabest2u;neutrogena;Mixed;1
papermagnolia;melissadoyle;Directed;1
ehealthqld;qldgenomics;Mixed;1
dgoaim;ukinaustralia;Mixed;1
dgoaim;els_dermatology;Mixed;2
mbrown_beauty;simpleskincare;Directed;2
mrodriguesmd;danhealy200;Directed;1
cdsumi87;uqhealth;Directed;1
dgoaim;sciencemarchsyd;Mixed;1
ulexar;vrunt;Mixed;1
sharonfajou;unilever;Directed;1
letowynnyt;society_gg;Directed;1
snapphotomatt;dove;Directed;1
theremotecoach;huffingtonpost;Directed;1
voguefitblog;yolanda_vu_;Directed;3
rgenci57;markdice;Mixed;1
mrodriguesmd;traumadocsf;Directed;1
nikkierinmusic;amandamagee;Mixed;1
itstalecia;warbyparker;Directed;3
robvnet;woolworths;Directed;1
shaniquaqks;heartdefensor;Mixed;1
hpsoyer;drcarolynee;Mixed;1
sueken;kimraluna;Directed;1
d_mucli;unilever;Directed;1
becky_k_white;hulagirl681;Directed;2
dgoaim;nytimes;Mixed;9
nrfhmc;skinceuticals;Mixed;1
ozbeautydeals;olayskin;Directed;1
getprettyau;beautyblogger;Mixed;2
thehealthygp;youtube;Directed;1
mrodriguesmd;nationalmedassn;Directed;1
ambacomms;lego_group;Directed;1
jameskbrooks;poopourri;Directed;1
prufrockery;i_am_clovitus;Directed;1
thehealthygp;drcswilliam;Directed;1
dssayed;dove;Directed;1
blue_planetpr;bonnierud;Directed;1
bieberxbutera;calumworthy;Mixed;1
catherineataff;tcihq;Directed;1
mel_cocker;campaignliveus;Mixed;1
adfowl;dove;Directed;1
nsdermatology;aadmember;Mixed;2
dgoaim;hbarkey;Mixed;1
cygnet1711;neutrogena;Directed;1
wrightspr;dove;Directed;1
hmdcruzd;malaerlucia;Mixed;1
sudharmapala;thelactavist;Directed;1
melbourneyum;neutrogena;Directed;1
ms_iles;merrymorud;Mixed;1
bogda_koczwara;thehealthygp;Mixed;1
sophie_bella13;bblogrt;Directed;1
dranneline;wvzhealthwriter;Directed;1
thehealthygp;brookmanknight;Directed;1
drclareburns;hpsoyer;Mixed;1
sydniki;proactivaus;Mixed;1
naevicre;pahospital;Directed;2
davroe;davroe;Directed;1
thepunkrockshop;dove;Directed;1
attackoftheclaw;vrunt;Mixed;1
samwinterland;poopourri;Directed;1
mikeyr1973;subhumanexposer;Mixed;1
tafensw;worldskills_au;Mixed;1
mm_ssssshh;deemadigan;Directed;1
jenhock13;godfrey_isaacs;Mixed;1
dgoaim;ahimaresources;Directed;1
scbeauty;dermalogicaaus;Directed;1
maddydale1;nashgrier;Mixed;1
mrodriguesmd;michelleleech5;Directed;1
amoz1972;clarissajaz;Directed;1
drsaxonsmith;ama_nsw;Directed;1
mrodriguesmd;ogunyemimd;Mixed;5
towardambiguity;olayskin;Directed;1
4jhndrck;meganpormer;Mixed;1
tri_info;naevicre;Mixed;8
skincancerguru;medscape;Directed;1
tribeflare;kimraluna;Directed;1
mrodriguesmd;toni_newman;Mixed;1
adeldmeyer;lichevymetsgrrl;Directed;3
aiembicated;lucy_macarthur;Directed;1
j0rdanendshere;meganpormer;Mixed;1
lovinggrimmeh;neutrogena;Directed;13
prufrockery;msveruca;Mixed;1
synaptickid;themiasandrist;Directed;1
proactivaus;mypetalboytroye;Mixed;1
afeministmother;suzzanblac;Mixed;1
bffwithjc;theprojecttv;Mixed;1
dgoaim;dermatologyacd;Mixed;2
digital_tanya;amnestyoz;Directed;1
soph_wattsy;neutrogena;Directed;1
lucindawright_;proactiv;Directed;1
dimitystatheos;caitrionambalfe;Directed;1
ausssc;tri_info;Mixed;4
docandrewj;amdiabetesassn;Directed;1
hpsoyer;dermatologyacd;Directed;2
katiet75;dove;Directed;1
em_ilee;neutrogena;Directed;1
nsdermatology;lorealparisau;Directed;1
thehealthygp;anzspmed;Directed;1
prufrockery;i_am_clovitus;Mixed;1
len41;neutrogena;Directed;1
ausmed;hpsoyer;Mixed;1
cravinggdallass;thisisamplify;Mixed;1
andrea_cafnik;adamferrier;Mixed;1
drdina1;kaeleyt;Directed;1
cheapexcuses;niceeventsaus;Directed;2
coraliealison;unilever;Directed;1
mrodriguesmd;drrendon;Directed;1
cdsumi87;uqmedicine;Directed;1
dgoaim;ildsderm;Mixed;1
mrodriguesmd;monash_fmnhs;Mixed;1
lissagiedraitis;neutrogena;Directed;1
ristro24;dove;Directed;1
tmc071;dove;Directed;1
lookmuchyounger;youtube;Directed;3
stepupdigital;dove;Directed;1
qutmedia;naevicre;Directed;1
mrodriguesmd;tomgoodwindp;Directed;1
afeministmother;adland;Mixed;1
drphiltong;centenaryinst;Mixed;1
weezmgk;neutrogena;Directed;1
mrodriguesmd;johnrampton;Mixed;1
hpsoyer;cre_telehealth;Directed;4
prajwaltuladhar;drsarah2016;Mixed;1
gilliespace;dermalogicaaus;Directed;2
darrenjones00;mbrown_beauty;Mixed;1
lisa_h_amir;makesmilk;Mixed;1
amyuliyuli;olayskin;Directed;1
thehealthygp;em_resus;Mixed;1
oliveli994111;dove;Directed;1
marthasmadrigal;dove;Directed;1
dgoaim;earthuncuttv;Mixed;1
dvora_olds;dylanrgates;Directed;1
kiwicreatures;proactivaus;Directed;1
mrodriguesmd;skinofcolor;Directed;4
acahacker;auspollietweets;Mixed;1
matthewweir18;dove;Directed;1
mrodriguesmd;mrodriguesmd;Mixed;11
georgeinstitute;dgoaim;Mixed;1
kaihodgkin;heathertrickey;Directed;1
amoz1972;wvzhealthwriter;Directed;1
hyperglavin;schnelltime;Directed;1
letowynnyt;lucid477;Directed;1
dgoaim;clairefuller19;Mixed;1
tri_info;uqmedicine;Directed;3
soundscaper;katminikatv8;Directed;1
drdina1;fairplaywomen;Directed;1
carolynbm;dove;Directed;1
drbarsoumr;dermnetnz;Mixed;1
thehealthygp;nejm;Directed;1
thehealthygp;ashbroomie;Directed;1
teekayp;sallyjsara;Directed;1
aliceburgum;larocheposay_au;Directed;1
nlafanclub;scarlettparrish;Directed;1
garylai1997;hey_kayli;Mixed;3
christieee__xo;thedailybubbly;Mixed;1
mrodriguesmd;onyeactivemd;Directed;1
persuasiveprose;huffingtonpost;Directed;1
mrodriguesmd;dranjalimahto;Directed;1
claremaxfield;huffingtonpost;Directed;1
sharonsmakeup;carouselworld;Mixed;1
thehealthygp;lizsturgiss;Mixed;1
demardollsivan;thisisamplify;Mixed;1
jacquiegs;thehealthygp;Mixed;1
mrodriguesmd;aadamsonmd;Directed;3
beautybucketeer;dermalogicaaus;Directed;1
tipsyfortroye;thisisamplify;Mixed;1
goldwynpope;goldwynpope;Mixed;1
melkettle;hpsoyer;Mixed;1
burneyeaus;sallyjsara;Directed;1
petehong86;wendys;Directed;1
thehealthygp;alexnavarini;Directed;1
adjstrmembered;kristenasamom;Directed;1
yolanda_vu_;dove;Directed;1
mdmabsentminded;haikuvikinggal;Directed;2
ruthstarke;olayskin;Directed;1
thehealthygp;jetstarairways;Directed;1
hpsoyer;youtube;Directed;2
mcjsbusiness;sammcphie;Mixed;1
uqmedicine;tri_info;Mixed;2
conversationedu;a_evangeli;Mixed;1
larocheposay_au;beautycrew;Directed;1
msveruca;dovei;Directed;1
jamesmathison;dove;Directed;2
dranneline;drsachasb;Directed;1
amnestyoz;dove;Directed;1
jamesmathison;markdice;Directed;2
rheemor;giselaschuller;Directed;1
yourpalthomlett;drdisrespect;Directed;1
thehealthygp;recode;Directed;1
aussie4real;dove;Directed;1
anitasarcastic;dove;Directed;1
dgoaim;healthyskin4all;Mixed;2
coopesdetat;wvzhealthwriter;Directed;1
mrodriguesmd;vickitiahrt;Mixed;4
platinumderma;aadskin;Directed;1
mrodriguesmd;dermatologyacd;Directed;2
samwinterland;dove;Directed;1
goshling;unilever;Directed;1
_chantelle_p;camerondickqld;Mixed;1
cheapexcuses;thisisamplify;Directed;2
pahospital;hpsoyer;Mixed;7
dgoaim;uniofoxford;Mixed;2
plasticdiaries;palmersuk;Directed;2
dgoaim;castlecreekphrm;Mixed;1
yolanda_vu_;latherrinserpt;Directed;1
thehealthygp;tcamerontodd;Directed;1
maryannhuth;olayskin;Directed;1
prajwaltuladhar;evanackermann;Mixed;2
hpsoyer;andreesteva;Directed;1
mrodriguesmd;alexnavarini;Directed;1
uqmedicine;a_evangeli;Mixed;1
thehealthygp;ketaminh;Directed;1
ketaminh;drjustincoleman;Directed;7
yolanda_vu_;voguefitblog;Directed;1
yollershollers;citystylescene;Mixed;1
audermreviews;nhmrc;Mixed;1
ozbeautydeals;terrysilva25;Directed;1
mincle;jenny_stem;Directed;4
hpsoyer;tri_info;Directed;17
ochreblue;cetaphil_au;Directed;1
catherineataff;thehealthygp;Directed;1
thehealthygp;janehansen2000;Directed;1
beautympoffical;dermalogicaaus;Mixed;1
thehealthygp;josutherland50;Directed;1
johnjbhux;queenkidman_;Directed;2
modibodi;desigual;Directed;1
tommarlow_;neutrogena;Mixed;1
thehealthygp;docandrewj;Directed;2
kuroshparsi;isth;Mixed;1
naevicre;qutmedia;Directed;1
caitfigueiredo;wagggs_world;Directed;2
prajwaltuladhar;dr_kate_honner;Mixed;1
pirinoes;hpsoyer;Mixed;3
mariafarmerpr;bairdjulia;Directed;1
seren14dipity;larocheposay_au;Directed;1
reign_coco;dove;Directed;1
lynholdsworth26;c0nvey;Directed;1
nani_ilyani;thamkhaimeng;Mixed;1
qutmedia;qut_ihbi;Directed;1
superstarphenom;alyssavaldez2;Directed;1
dustyspades;fastcompany;Directed;1
papermagnolia;jensaintjean;Directed;1
hpsoyer;nhmrc;Directed;1
bbloggersau;mstessalexandra;Mixed;1
lucindawright_;proactivaus;Directed;2
terripsiakis;dove;Directed;1
dgoaim;eczemasupport;Mixed;1
edwardjgrugiii;dove;Directed;1
syahmiraazwa;thamkhaimeng;Mixed;1
drsaxonsmith;theprojecttv;Mixed;1
thetiamari_oz;ourmermaidslife;Directed;1
hpsoyer;erictopol;Mixed;1
safetysaunge;markdice;Mixed;1
dgoaim;nacchoaustralia;Mixed;1
vikorbobi;retroclicksvint;Directed;2
fuckersmanifest;zenfrost;Directed;1
thehealthygp;alankohler;Directed;1
scuraido;abcnews;Mixed;1
_flex4u;dermalogicaaus;Mixed;1
aliceburgum;larocheposayuki;Directed;1
cstensved;dove;Directed;1
labmuffin;larocheposay_au;Directed;1
jesseankh;nordstromrack;Directed;1
blue_planetpr;thisisamplify;Mixed;1
dranneline;williamslisaphd;Directed;1
edamemebeans;simpleskincare;Directed;1
wepunchbears;larocheposay_au;Directed;2
dgoaim;carlefpaul;Mixed;8
lucindawright_;thisisamplify;Directed;1
purposepeople;amazon;Directed;1
ejadebishop;thisisamplify;Mixed;1
productunveil;olayskin;Mixed;1
weezmgk;swiftonsecurity;Directed;1
ama_media;drsaxonsmith;Mixed;1
dgoaim;worldfnature;Mixed;1
amoz1972;elerimt;Directed;1
lasercareaust;drsaxonsmith;Mixed;1
ferguskibble;thamkhaimeng;Mixed;1
tomcharman;rachel_handler;Mixed;1
ausssc;ausssc;Directed;4
anaestricks;thehealthygp;Directed;3
mrodriguesmd;harveylui;Mixed;1
acegiak;demanrisu;Directed;1
dgoaim;historylvrsclub;Mixed;1
kattitude3;boygeorge;Mixed;1
audermreviews;ausssc;Mixed;1
dgoaim;sydney_sider;Mixed;2
mdmabsentminded;doveit;Directed;1
mbrown_beauty;olayskin;Directed;1
scuraido;theraceradio;Mixed;1
larocheposay_au;lamodeeternelle;Mixed;1
stefanobris;camerondickqld;Mixed;1
fatherbob;adamferrier;Mixed;1
ashtbc;larocheposay_au;Directed;2
towardambiguity;sallyjsara;Directed;1
persuasiveprose;poopourri;Directed;1
cleanbeautytalk;muradskincare;Directed;1
docmartyaus;tcox_lab;Mixed;1
proactivaus;lunamoon831;Directed;1
mashxtowin;supernerdmike;Directed;1
melissakblair;dove;Directed;2
bbox;marryinb;Mixed;2
mrodriguesmd;mbekkenk;Mixed;1
uq_coh;hpsoyer;Mixed;1
mrodriguesmd;tcamerontodd;Directed;1
glambymark;neutrogena;Directed;2
jaz_medicine;drsaxonsmith;Mixed;1
dgoaim;kensingtonroyal;Mixed;1
proactivaus;proactivaus;Mixed;3
hpsoyer;waitbutwhy;Directed;1
amoz1972;kimbeaumont;Directed;1
ourfemeconomy;garnierau;Directed;1
ry_comau;dermalogicaaus;Directed;9
dgoaim;hpsoyer;Mixed;3
drdina1;skjultster;Mixed;1
touchofbeautysa;dermalogicaaus;Directed;1
mrodriguesmd;toni_newman;Directed;1
tamikaskyy;nashgrier;Mixed;1
critchleybob;markdice;Mixed;1
amber_wallace75;carolagmakeup;Directed;1
drnatashacook;youtube;Directed;1
dgoaim;colm_ryan;Mixed;1
mrodriguesmd;juleslipoff;Directed;1
drbarsoumr;dermatologyacd;Mixed;1
emmalpw12;lorealaustralia;Mixed;1
papermagnolia;dermalogicaaus;Directed;1
lorealaustralia;skinceuticals;Directed;1
mitchills;poopourri;Directed;1
tri_info;uqmedicine;Mixed;3
dee_kempson;dove;Directed;1
matthewweir18;shondarhimes;Directed;1
janisjohnson2;lovewilko;Mixed;1
dhlangbecker;hpsoyer;Mixed;3
boyfromburleigh;riverrovks;Directed;1
venuscomms;dove;Directed;4
naevicre;hpsoyer;Mixed;51
getaskincheck;drsaxonsmith;Mixed;1
amoz1972;victorchanginst;Directed;1
cdsumi87;tri_info;Directed;1
dgoaim;mailonline;Directed;1
tribeflare;poopourri;Directed;1
hollywoodtrmnt;livphyland;Directed;1
sallyjsara;olayskin;Directed;1
cmakeupmaniaah;maybellineau;Directed;1
agrf_genomics;hpsoyer;Mixed;1
mrodriguesmd;melimel22538465;Directed;1
nameslike_james;dove;Directed;1
lazerzap;cue_vpacademic;Directed;1
hpsoyer;cre_telehealth;Mixed;2
mrodriguesmd;moniquehohnberg;Directed;1
forwardagencypr;thamkhaimeng;Mixed;1
shrydar;bigfashionista;Mixed;1
mingylong;merrymorud;Mixed;1
mincle;melaniebahlo;Directed;3
justsocialize;kimraluna;Directed;1
neiltilbrook;sallyjsara;Directed;2
getremarkable;sallyhogshead;Directed;1
lissagiedraitis;pricelineau;Directed;1
kopeckizlatko;dgoaim;Mixed;2
genero;facebook;Directed;1
modibodi;ellepi77;Directed;1
abbygigi1981;fastcompany;Directed;2
sarahlamothe4;nashgrier;Mixed;2
decertatio;cypheroftyr;Directed;1
thehealthygp;wapha_digital;Directed;2
hpsoyer;qimrberghofer;Directed;3
dgoaim;aymangradamd;Mixed;1
onikaredz;dove;Mixed;1
mrodriguesmd;aadskin;Directed;5
adeldmeyer;gogoogleme;Directed;3
thetkennedy;vrunt;Mixed;1
voguefitblog;plasticdiaries;Directed;3
hpsoyer;onacom;Directed;1
ms_jelena_x;dermalogicaaus;Directed;1
thedailymark;dove;Directed;1
venessb;thehealthygp;Mixed;1
o2ldolan;nashgrier;Mixed;1
mrodriguesmd;nih;Directed;1
bbloggersau;ceceandgrace;Mixed;1
thanhvyn;heartdefensor;Directed;1
cmakeupmaniaah;lorealparisau;Directed;1
kreenash;larocheposay_au;Directed;1
mrodriguesmd;marshawright;Mixed;1
uqmedicine;naevicre;Directed;3
amoz1972;dgoaim;Directed;2
hpsoyer;melanomasupport;Mixed;1
mikeguelfi;dove;Directed;1
quinn_gascoine;bootsuk;Mixed;1
ieemus;olivia_holt;Mixed;1
thehealthygp;gpsdownunder;Directed;2
cre_telehealth;uqdrc;Mixed;3
robvnet;dove;Directed;1
sadhbhis;whippinmy_lexus;Directed;1
tarlprow;uqdrc;Directed;5
dgoaim;amicusrx1;Mixed;3
mrodriguesmd;tcamerontodd;Mixed;1
mrodriguesmd;olivierbranford;Mixed;1
cmakeupmaniaah;nyxcosmeticsaus;Directed;1
sophiakevans;amnestyoz;Mixed;1
ketaminh;kangaroobeach;Directed;2
blueyhamilton;vaselinebrand;Directed;1
ontakt;poopourri;Directed;1
mrodriguesmd;danielburrus;Directed;1
pricelineau;jesintacampbell;Directed;1
cre_telehealth;naevicre;Directed;1
nkasparian;cewakefield;Directed;1
unclechilliman;jodiecongirl;Mixed;1
drsaxonsmith;theprojecttv;Directed;3
kymtje;pollymaeve;Directed;1
vikorbobi;dove;Directed;4
tri_info;hpsoyer;Mixed;25
dgoaim;mendcommunity;Mixed;1
skinfitlife;lorealaustralia;Directed;1
tcox_lab;tcox_lab;Directed;1
platinumderma;aad;Directed;2
brbxkiss;thisisamplify;Directed;1
stefanobris;hpsoyer;Mixed;2
kuroshparsi;cassinisaturn;Mixed;2
mathildesselle;uqdrc;Mixed;1
mrodriguesmd;healtheo360;Directed;1
samwinterland;huffingtonpost;Directed;1
quinn_gascoine;msgedan;Mixed;1
mincle;aliciaoshlack;Directed;3
anakinbiwalker;ktmcgraths;Directed;1
pahospital;hpsoyer;Directed;1
drsaxonsmith;getaskincheck;Directed;1
kiakho;naevicre;Mixed;1
bellasspot;bellasspot;Mixed;1
mitchills;kimraluna;Directed;1
thehealthygp;michaelbatnick;Mixed;1
blueskyemining;shannon1031;Directed;4
jac15_9;drsaxonsmith;Mixed;1
larocheposay_au;bellaboxaus;Directed;1
samantixism;msveruca;Directed;1
christieee__xo;cuzin_logic;Mixed;1
safetysaunge;pac_cascade_nw;Mixed;1
reenieculjak;olayskin;Directed;2
andrewschnell51;dove;Directed;1
qcifltd;hpsoyer;Mixed;1
da8tingsites;beautifulwhims;Mixed;1
leahvibescsgo;neutrogena;Directed;1
getremarkable;poopourri;Directed;1
mrodriguesmd;drsylviawright;Mixed;1
thehealthygp;ergoddessmd;Directed;1
larocheposay_au;model_appetite;Mixed;1
lindivine;adweek;Mixed;1
wypipowoke;markdice;Mixed;2
drcford;nkasparian;Mixed;1
anaestricks;broomedocs;Directed;3
desiresfool;bixenbabe;Directed;1
skincarestore;skinceuticals;Mixed;13
qut_ihbi;uqdrc;Mixed;2
mrwebmarketing;dove;Directed;1
len41;rspca_labanimal;Directed;1
monica_melb;dermalogicaaus;Mixed;1
getremarkable;kimraluna;Directed;1
jodimclark;crismeillon;Mixed;1
modibodi;alfemminile_com;Directed;1
tcamerontodd;mrodriguesmd;Directed;1
scroggstl;markdice;Mixed;1
deborahtobias;magnumicecream;Directed;1
theriverfed;joeismont;Mixed;1
prajwaltuladhar;clareballingall;Mixed;1
_samanthaf_;rachel_handler;Mixed;1
dermalogicaaus;mrmaxmay;Directed;1
hpsoyer;greghuntmp;Mixed;1
steffiejade;sunriseon7;Directed;1
byrdiebeautyau;ultraceuticals;Directed;1
sydneychicblog;dermalogicaaus;Directed;1
melissakblair;jeffcbeer;Directed;1
marryinb;dove;Directed;2
chelseafordco;simonmainwaring;Mixed;1
mitchills;huffingtonpost;Directed;1
lazerzap;dgoaim;Directed;1
davepellowe;dove;Directed;2
sloanranger77;camerondickqld;Mixed;1
jasonroberts_pk;davidantibiotic;Directed;1
puttatweets;dove;Directed;1
hkalex83;dove;Directed;1
wiidthouqhts;dove;Mixed;1
cmakeupmaniaah;foacosmetics;Directed;1
dgoaim;unc;Mixed;1
officalac_;vaselinebrand;Directed;1
uqalumni;uq_news;Mixed;1
proactivaus;juliannehough;Directed;4
amoz1972;syduni_research;Directed;1
jesseankh;popsugarstyle;Directed;1
dgoaim;healourskin;Mixed;5
jasonmills77;thehealthygp;Mixed;1
prufrockery;whoaitsleah;Directed;2
maryannhuth;sallyjsara;Directed;1
hpsoyer;theeconomist;Directed;1
jorja_xo;muradskincare;Directed;1
lovinggrimmeh;elitedaily;Directed;1
captainradon;dove;Directed;1
daniletoullec;dove;Directed;1
boyfromburleigh;dvatw;Directed;1
kaptain_kaos;neutrogena;Directed;2
nsdermatology;rationalesc;Directed;2
dgoaim;rare2aware;Mixed;1
renata_pirata;theazzo;Mixed;1
sam_weingott;shondarhimes;Directed;1
amoz1972;benroediger;Directed;2
lizziebknight;makesmilk;Mixed;1
hpsoyer;medscape;Directed;2
djoll;thehealthygp;Directed;1
mbtreazrae;simpleskincare;Directed;1
hpsoyer;babylonhealth;Mixed;1
anthony_thorpe;mrodriguesmd;Mixed;1
coopesdetat;williamslisaphd;Directed;1
blue_planetpr;jorge_z;Mixed;1
hpsoyer;ausssc;Directed;13
re_elfashion;shadesofkassie;Directed;1
jachar90;juicebeauty;Directed;1
digital_tanya;dentistbrisbane;Directed;1
mrodriguesmd;kaitlynnh93;Directed;1
marthasmadrigal;unileverusa;Directed;1
jessejwalker;larocheposay_au;Directed;1
cheapexcuses;jacobsmellet;Directed;1
ashtbc;samanthaswai;Directed;2
ketaminh;thehealthygp;Directed;17
cygnet1711;c0nvey;Directed;1
waggafeminist;girlscout72;Mixed;1
soundscaper;deemadigan;Directed;1
almz_avila;previewph;Mixed;1
mrodriguesmd;j_gracenp;Directed;1
dgoaim;disgustedby;Mixed;1
dgoaim;unswnews;Mixed;1
healthinomics;magicalsiblings;Mixed;1
cre_telehealth;qldgenomics;Mixed;1
proactivaus;tydalwave;Directed;2
prufrockery;dove;Directed;2
gem_gem_jade;vaselinebrand;Directed;1
jasonroberts_pk;cre_reduce;Directed;1
prajwaltuladhar;ketaminh;Mixed;1
purposepeople;dove;Directed;1
savvysaverau;dove;Directed;1
ausssc;advanceqld;Directed;1
mrodriguesmd;naturenews;Mixed;1
viennavox1;boygeorge;Directed;1
tcamerontodd;runningdoc14;Directed;1
zevoawarlock;markdice;Mixed;1
iamsefjam;itsjuliebowen;Directed;1
adjstrmembered;dove;Directed;2
fatchoi27;olivia_holt;Directed;1
leobienosa;nashgrier;Mixed;1
savvysaverau;pricelineau;Mixed;1
_charfrances;larocheposay_au;Directed;1
eddieedsplosion;vrunt;Mixed;1
lisatom106;uqdrc;Mixed;1
adfowl;homocarnula;Directed;1
maccapolitical;nsdermatology;Directed;2
cheyennekemsley;nashgrier;Mixed;1
rheemor;melaniebahlo;Directed;1
byrdiebeautyau;bioreus;Directed;1
naevicre;ccqld;Directed;1
drsaxonsmith;realhughjackman;Mixed;1
davroe;muradskincare;Directed;1
mrodriguesmd;choose2lead1;Mixed;1
davinlim1971;youtube;Directed;15
ausssc;anna_finnane;Directed;1
welshwonder101;spencerreyess;Directed;1
mrodriguesmd;gmail;Directed;1
qldgenomics;camerondickqld;Directed;1
msveruca;dove;Directed;1
heatheriwatkins;selfridges;Directed;1
claremaxfield;sallyhogshead;Directed;1
drsachasb;drpeate;Mixed;1
amoz1972;cosmicpinot;Directed;1
hpsoyer;uqmedicine;Directed;20
ash_riordan;dove;Directed;1
jennibeattie;businessinsider;Mixed;1
patrushkaz;thehealthygp;Mixed;1
melbourneyum;muradskincare;Mixed;2
bradrachelbart1;savvysavingcoup;Mixed;1
tri_info;nickhongsenglee;Mixed;1
hpsoyer;bdhpinfo;Directed;5
uqmedicine;naevicre;Mixed;6
dgoaim;abcnews;Directed;1
mrsbrownno3;olayskin;Directed;1
dgoaim;esdrorg;Mixed;4
theriverfed;dove;Mixed;1
mrodriguesmd;vickitiahrt;Directed;1
petehong86;instagram;Directed;1
nickosbaldiston;auspollietweets;Mixed;1
mrodriguesmd;startupjobsoz;Directed;1
mrwebmarketing;sallyhogshead;Directed;1
msveruca;i_am_clovitus;Mixed;1
mrodriguesmd;confmeddad;Directed;1
corruptnsw;drsaxonsmith;Mixed;1
hossaigul;amoz1972;Mixed;1
batoul_baz;uqhealth;Directed;1
andrewianwilson;rachel_handler;Mixed;1
mrodriguesmd;ogunyemimd;Directed;3
dgoaim;alderketan;Mixed;1
ashtbc;hellolaura_xo;Directed;1
thehealthygp;anaestricks;Directed;1
theremotecoach;dove;Directed;1
dgoaim;treatmentscores;Mixed;1
nlafanclub;katotauk;Directed;1
cherrypieit;dove;Directed;1
brbxkiss;tanamongeau;Directed;1
thehealthygp;thehealthybear;Directed;1
mrodriguesmd;chirag_kulkarni;Directed;1
ms_maire;unilever;Directed;1
emerald_cg;thehealthygp;Mixed;1
joshy206;vaselinebrand;Directed;1
mishfee;officialmelb;Mixed;1
thisisamplify;sageymellet;Directed;2
drbarsoumr;drdorisday;Mixed;1
lynholdsworth26;dove;Directed;1
vagniou;boygeorge;Directed;4
dermalogicaaus;morethanadored;Mixed;2
d_mucli;dove;Directed;1
jameskbrooks;huffingtonpost;Directed;1
dranneline;drpeate;Directed;1
tonialou1;kellymartin0501;Directed;1
martin_sanna;drsaxonsmith;Mixed;2
dgoaim;emjdermatology;Mixed;1
hayley_barbera;nashgrier;Mixed;1
alice3499;thisisamplify;Mixed;1
bradrachelbart1;dawnchats;Mixed;1
ketaminh;drtimfrancis;Directed;2
dgoaim;icd2017;Mixed;3
mrodriguesmd;thehealthygp;Directed;1
__lnsd;jessweiner;Mixed;1
welshwonder101;neutrogena;Directed;2
hpsoyer;berci;Mixed;1
mrodriguesmd;webmd;Mixed;1
hpsoyer;uqdrc;Directed;8
fuckersmanifest;dove;Directed;1
bdhpinfo;hpsoyer;Directed;1
drsaxonsmith;getaskincheck;Mixed;1
dgoaim;socinvestderm;Mixed;1
mincle;clarissajaz;Directed;4
skinfitlife;mrodriguesmd;Mixed;7
ddsd;brandwatch;Mixed;1
adeldmeyer;michaelranaii;Directed;2
theriverfed;siobhanmoore90;Mixed;1
nizzasiano;dove;Directed;1
mrodriguesmd;vitfriends01;Directed;1
drsaxonsmith;catherinekingmp;Directed;1
mbbl_tweets;neutrogena;Directed;1
wepublichealth;thehealthygp;Mixed;1
ausssc;skinanalytics;Directed;1
deemadigan;dove;Directed;2
ross1coe;brandiglanville;Directed;1
ausssc;uqdrc;Mixed;29
juliennekayla;boygeorge;Mixed;1
ellisonamy;dove;Directed;2
mrodriguesmd;droedadzie;Mixed;1
qldgenomics;hpsoyer;Directed;4
dgoaim;charitydebra;Mixed;1
uberbrand;adnews;Mixed;1
abdul_mode;kerrywashington;Mixed;1
iitalw;dove;Directed;3
tri_info;stefanobris;Mixed;1
mrodriguesmd;aadmembers;Directed;2
coreen085;girlscout72;Mixed;1
_philipparuth;drsaxonsmith;Mixed;1
thatsdruidic;tomcashgent;Directed;1
puttatweets;neutrogena;Directed;1
theprojecttv;drsaxonsmith;Directed;1
lucy_macarthur;kurtsdogn;Directed;2
mrwebmarketing;huffingtonpost;Directed;1
naevicre;batoul_baz;Mixed;1
uon_nova;conversationedu;Directed;1
jillruzza;dove;Directed;1
carolin35724834;kitkat;Directed;1
thehealthygp;drjustincoleman;Directed;3
ozproductjunkie;tvsn;Directed;1
jamieandniks;goodhousemag;Directed;1
thehealthygp;berniewapha;Directed;2
pahospital;pahospital;Directed;1
byrdiebeautyau;dove;Directed;2
gerrygannon;ciamhiemc;Directed;2
elphrat;yeoshinlourdes;Mixed;1
samanthaswai;hellolaura_xo;Directed;1
jasonqueue;dermalogicaaus;Mixed;1
prajwaltuladhar;mandiev83;Mixed;1
mcmdigitalau;dove;Directed;1
thehealthygp;drgustavoduque;Mixed;2
yeam;dove;Directed;1
prajwaltuladhar;charzydoc;Mixed;1
shazanfar;jacwabbit;Directed;1
mrodriguesmd;cdndermatology;Mixed;2
loveluce_xo;lorealparis;Directed;1
kerrygoldwyn;carolagmakeup;Mixed;1
hpsoyer;cancerassassin1;Mixed;1
mrodriguesmd;benlandis;Directed;1
wildsivanna;neutrogena;Directed;1
dgoaim;intsocderm;Mixed;7
lizchristensen2;uqdrc;Mixed;1
nkasparian;clairehenry0;Directed;1
apairofones;dermalogicaaus;Directed;2
thepunkrockshop;benjaminzeidler;Directed;1
iamsefjam;jillcrosbyhair;Directed;1
drphiltong;jidjournal;Mixed;2
lilyrmunroe;terrorizermir;Mixed;1
sausageeyeroll;iggalicious_;Directed;1
pirinoes;uqdrc;Mixed;1
mrodriguesmd;danielburrus;Mixed;2
romcdonald;deemadigan;Directed;1
harpeler;vrunt;Mixed;1
stefanobris;pahospital;Directed;1
plasticdiaries;bondisands;Directed;1
hpsoyer;uqmedicine;Mixed;3
hpsoyer;batoul_baz;Mixed;1
sharonfajou;olayskin;Directed;1
mrodriguesmd;drroykim;Mixed;1
dgoaim;cntraveler;Directed;2
hpsoyer;ccqld;Directed;2
wepunchbears;socialsouphq;Directed;1
quinn_gascoine;neutrogena;Mixed;9
sqrlst;janecaro;Directed;1
linnyj61;dove;Directed;1
adamferrier;sunriseon7;Directed;1
esme35975435;markdice;Mixed;1
audermreviews;alexnavarini;Mixed;1
stylebysusana;gingeronthegony;Mixed;1
jamilarizvi;dove;Directed;1
nkasparian;a_nickerson36;Directed;1
doctor_wylde;bfelliott;Mixed;1
helloskinmart;dermalogicaaus;Mixed;1
amoz1972;cassyspiller;Directed;1
thatsdruidic;becky_lucas89;Directed;1
voguefitblog;latherrinserpt;Directed;3
proactivaus;lillydayx;Mixed;1
thehealthygp;jockowillink;Directed;1
amoz1972;whereisdaz;Directed;1
thehealthygp;catherineataff;Directed;2
elliott_rohan;thehealthygp;Directed;2
mgr16;drsaxonsmith;Mixed;1
melkingit;dove;Directed;1
gmeded_au;thehealthygp;Mixed;1
hpsoyer;louisagord;Mixed;1
mrodriguesmd;trigirllisa;Directed;1
parfoundation;naevicre;Mixed;4
amoz1972;realdonaldtrump;Directed;2
claremaxfield;poopourri;Directed;1
martinwalsh;thamkhaimeng;Mixed;1
mrodriguesmd;makeupforwoc;Directed;1
jesseankh;karitybeauty;Directed;1
hpsoyer;glengilmore;Mixed;1
hpsoyer;sasanof;Mixed;1
deborahtobias;rexonaau;Directed;1
wmsaustralia;huffingtonpost;Directed;1
williamsondayna;qldgenomics;Mixed;2
platinumderma;pshaustralia;Directed;1
theremotecoach;poopourri;Directed;1
lisaczepiel;deliawebsterky;Mixed;1
dustyspades;beginbright1;Directed;1
samwinterland;kimraluna;Directed;1
dgoaim;cineplexmovies;Mixed;1
prajwaltuladhar;tcamerontodd;Mixed;1
discountdealau;pricelineau;Mixed;1
mrodriguesmd;amostaghimi;Directed;1
ketaminh;sunnycsharma;Mixed;1
dreamyhoying;proactivaus;Directed;2
freemagazinesyd;dermalogicaaus;Directed;2
johnacrimmins;racgp;Mixed;1
kerrygoldwyn;carolagm;Directed;2
kaihodgkin;dove;Directed;1
itstalecia;naturebox;Directed;1
nlafanclub;dove;Directed;1
dgoaim;jeremyironsnet;Mixed;1
mrodriguesmd;stvincentsmelb;Directed;1
lookmuchyounger;davinlim1971;Directed;3
facesonyou;nashgrier;Mixed;1
omfgrules;amymarieg;Mixed;1
andy_merrick;dove;Directed;1
proactivaus;loganslaundry;Directed;1
desiresfool;proactivaus;Directed;1
uqmedicine;jasonroberts_pk;Directed;1
reelax1_;campaignliveus;Mixed;1
becbrideson;preetholt;Directed;1
sundicatorsaus;drsaxonsmith;Directed;1
zesy_fiverr;dermalogicaaus;Directed;1
dgoaim;les_limited;Mixed;1
faizatariq2008;pricelineau;Directed;1
blisteringdz;intsocderm;Mixed;1
uqmedicine;nickhongsenglee;Mixed;1
rollinndolann;heartdefensor;Mixed;1
thehealthygp;indusgeri;Directed;1
nsdermatology;smh;Directed;3
sheiseryn;thamkhaimeng;Mixed;1
thehealthygp;gladwell;Directed;2
thehealthygp;drtimfrancis;Directed;2
jenhock13;boygeorge;Mixed;1
hollylaslo;bonbon0711;Directed;1
jess5soshemmo;nashgrier;Mixed;1
kopeckizlatko;tarlprow;Mixed;1
naevicre;qut_ihbi;Directed;2
pahospital;camerondickqld;Directed;1
dgoaim;royalsociety;Mixed;1
welcometocom;sallyhogshead;Directed;1
petehong86;snapchat;Directed;1
siennarosaa;neutrogena;Directed;1
pollymaeve;dove;Directed;1
prajwaltuladhar;sussanley;Directed;1
hpsoyer;eventbrite;Directed;1
mrodriguesmd;nycskin;Directed;1
mango_smut;rachel_handler;Mixed;1
beautyatelierau;dermalogicaaus;Directed;2
afeministmother;dove;Directed;2
heligolightly;amoz1972;Directed;1
shazanfar;melaniebahlo;Directed;1
cdsumi87;childhealthqld;Directed;1
nkasparian;drsachasb;Directed;1
pharmacydaily;dove;Directed;1
izzyluvstroye;proactivaus;Directed;1
dgoaim;eczemanomore;Mixed;1
batoul_baz;hpsoyer;Mixed;10
mrodriguesmd;cosaesthetics1;Mixed;1
thehealthygp;gonggasgirl;Directed;2
dgoaim;asdvafrica;Mixed;1
nashoskian;nashgrier;Directed;1
uqmedicine;ausssc;Mixed;7
amber_wallace75;kerrywashington;Directed;1
shazanfar;ncloonan;Directed;1
caitfigueiredo;dove;Directed;3
proactivaus;cosmoaustralia;Directed;1
richard_rmgs;dove;Directed;1
jenny_stem;amoz1972;Mixed;1
thehealthygp;psirides;Directed;1
prodermal;prodermal;Directed;1
dr_chi_li;palliverse;Directed;1
onelastnash;nashgrier;Mixed;1
dgoaim;intjderm;Mixed;1
dgoaim;sincdermatology;Mixed;1
hpsoyer;ayogo;Directed;1
jachar90;loreal;Directed;1
dgoaim;queensland;Mixed;1
iamdaniela;larocheposay_au;Directed;2
hpsoyer;lacktman;Mixed;1
shazanfar;giselaschuller;Directed;1
shuboogie;timmydavidnyc;Mixed;1
bee3105;cre_telehealth;Mixed;1
digital_tanya;kitkat;Directed;1
ozproductjunkie;larocheposay_au;Directed;1
gilliespace;michmcquillan;Directed;1
lasercareaust;dermatologyaust;Directed;1
manallxox;vaselinebrand;Directed;1
ozharvest;aussie;Directed;1
dr_chi_li;thehealthygp;Directed;1
toomanypandoras;dove;Directed;1
thehealthygp;dermnetnz;Directed;1
spinzig;markdice;Directed;1
doctor_wylde;yeoshinlourdes;Mixed;1
katwat1;dove;Directed;1
sydcommfdn;goodpitchaus;Directed;1
maxoberonauthor;clever_network;Mixed;1
drsaxonsmith;sussanley;Directed;1
larocheposay_au;_charfrances;Mixed;1
dranneline;a_nickerson36;Directed;1
ozdermatologist;mayoclinic;Mixed;1
drdina1;transgendrtruth;Directed;1
vikorbobi;boygeorge;Directed;4
dgoaim;bmj_latest;Mixed;4
prajwaltuladhar;rain0021rain;Mixed;1
mincle;jacwabbit;Directed;2
kymtje;hyperglavin;Directed;1
thomasrcox;tcox_lab;Mixed;1
karlskib;dove;Directed;4
thekathoyos;singmovie;Directed;1
worldskills_au;tafensw;Directed;1
lovelifecrystal;neutrogena;Directed;1
helloskinmart;whyhellobeauty_;Mixed;1
scuraido;jd_central;Mixed;2
ulexar;scientits;Mixed;1
womeninmediaoz;merrymorud;Mixed;1
sunnycsharma;palliverse;Directed;1
addictivegrierr;thisisamplify;Mixed;1
yourpalthomlett;gfuelenergy;Directed;1
adeldmeyer;media_chat;Directed;3
scuraido;richroll;Mixed;1
nivvelankar;mommye;Mixed;1
ausssc;naevicre;Directed;3
notasheepyet;citizengo;Mixed;1
shockresistant2;_nerf_guns_;Mixed;1
ama_nsw;drsaxonsmith;Directed;1
hpsoyer;qimrbergh_news;Directed;1
pws5678;deemadigan;Directed;1
yaakov_h;rachel_handler;Mixed;1
iitalw;bulubane;Directed;3
mrodriguesmd;healthyskin4all;Mixed;1
emsteele1;drpeate;Mixed;1
mrodriguesmd;cebdnottm;Mixed;2
mrodriguesmd;insiderhealth;Directed;1
ross1coe;neutrogena;Directed;1
proactivaus;jorge_z;Mixed;1
hpsoyer;mcgowankat;Directed;1
kiakho;hpsoyer;Directed;1
tri_info;ausssc;Mixed;5
batoul_baz;ausssc;Directed;3
carouselworld;carouselworld;Mixed;3
drsaxonsmith;skindoctornz;Mixed;1
tri_info;tarlprow;Mixed;2
dgoaim;australiandr;Mixed;1
lnl_rosa;dermalogicaaus;Directed;2
thehealthygp;dermatologyacd;Mixed;5
__carolinecc;realstylenet;Mixed;1
hpsoyer;hughesedits4u;Mixed;1
sudharmapala;dove;Directed;1
drbarsoumr;jamaderm;Mixed;1
dgoaim;travelleisure;Mixed;1
hyperglavin;karlskib;Directed;8
anitasarcastic;markdice;Directed;1
audermreviews;mrodriguesmd;Mixed;1
mrodriguesmd;mcmichaelamy;Directed;2
fionagillen2013;dove;Directed;4
modibodi;aerie;Directed;1
paulrigby7;olayskin;Directed;1
bradrachelbart1;ehesketh;Mixed;1
ayyeeadrian;dove;Directed;1
pinkbyness;boygeorge;Mixed;1
petehong86;storyful;Directed;1
audermreviews;dermatologyacd;Mixed;1
thehealthygp;airwayondemand;Mixed;1
deborahtobias;colgate;Directed;1
tri_info;worldscifest;Directed;1
skincarestore;skinceuticals;Directed;8
uqmedicine;camerondickqld;Mixed;1
andrewpitkin2;markdice;Mixed;1
anytiffng;ogilvy;Mixed;1
drpaulharrigan;oliveli994111;Mixed;1
arksadd;thisisamplify;Mixed;1
uon_nova;uqdrc;Directed;1
ketaminh;thegranitecity1;Directed;1
teekayp;olayskin;Directed;1
suthernx;thamkhaimeng;Mixed;1
soph_wattsy;nashgrier;Directed;1
liquiditii;dove;Directed;1
sophie_bella13;bloggerbees;Directed;1
platinumderma;skincancerorg;Mixed;1
qimrberghofer;ausssc;Mixed;1
blue_planetpr;neonchipmunk;Directed;2
iamsefjam;neutrogena;Directed;1
wmsaustralia;dove;Directed;1
proactivaus;proactivaus;Directed;8
dgoaim;womanthologyuk;Mixed;2
daniellenacpil;neutrogena;Directed;1
platinumderma;platinumderma;Directed;7
kimclarkey;samiam1935;Mixed;1
christieee__xo;patranila;Mixed;2
thehealthygp;brianfern_;Directed;1
thehealthygp;lindsmoran;Directed;1
hpsoyer;nih;Directed;1
proactivaus;lovedolansxx;Mixed;1
audermreviews;jidjournal;Mixed;1
drdina1;skjultster;Directed;1
hpsoyer;thera7en;Mixed;1
amy_max_;imkristenbell;Directed;1
livssunshine;olivia_holt;Mixed;1
team_duxywoo;theprojecttv;Mixed;1
desiresfool;jacobsmellet;Directed;1
cheapexcuses;happierlipa;Directed;1
dgoaim;lmhoxford;Mixed;1
stepupdigital;huffingtonpost;Directed;1
prajwaltuladhar;timsenior;Mixed;1
mrodriguesmd;drpearlgrimes;Directed;1
hpsoyer;dermatologyacd;Mixed;2
fullboonta;masturbatelog;Mixed;1
mrodriguesmd;ariannapie53;Directed;1
shazanfar;amoz1972;Directed;1
rheemor;aliciaoshlack;Directed;1
vaiduvlogz;kizzy;Mixed;1
qldgenomics;uqdrc;Mixed;1
mrodriguesmd;indusderm;Mixed;2
brbxkiss;proactivaus;Directed;1
thehealthygp;tcamerontodd;Mixed;1
hpsoyer;tri_info;Mixed;4
cheapexcuses;kurtsdogn;Directed;2
lazerzap;freebsd4ever;Directed;1
thehealthygp;tcihq;Directed;1
thetiamari_oz;ourmermaidslife;Mixed;1
cre_telehealth;toddsampsonoz;Directed;1
affyb79;dove;Directed;1
unimelbmdhs;conversationedu;Directed;1
byrdiebeautyau;neutrogena;Directed;8
tcamerontodd;mrodriguesmd;Mixed;1
mardiek;dove;Directed;1
mrodriguesmd;who;Mixed;1
kyleandjackieo;neutrogena;Directed;1
dgoaim;jaadjournals;Mixed;10
neeraj_sci;tarlprow;Mixed;2
aoifemcgreal1;babymilkaction;Mixed;1
dgoaim;womens_awards;Mixed;1
dgoaim;hihyderabad;Mixed;1
dgoaim;smh;Directed;1
nattym21;prajwaltuladhar;Mixed;1
j_niffa;theprojecttv;Mixed;1
hpsoyer;theeconomist;Mixed;1
thehealthygp;dranjalimahto;Directed;1
lovinggrimmeh;lavidalisablog;Mixed;1
ferghim;nashgrier;Mixed;1
hpsoyer;forbes;Directed;1
mrodriguesmd;les_limited;Mixed;3
hollywoodtrmnt;montanacox9507;Directed;1
flashyn;dove;Directed;1
shockresistant2;get_plushtv;Mixed;1
thanhvyn;olayskin;Directed;1
dgoaim;nih;Mixed;2
mrodriguesmd;mcc_members;Directed;1
mrodriguesmd;varshneymd;Directed;1
donalyngarcia;muradskincare;Directed;1
dgoaim;bbc_travel;Mixed;5
booonani;dove;Directed;1
jiangyin;cantrellwriter;Directed;1
byrdiebeautyau;dermalogicaaus;Directed;2
johnjbhux;neutrogena;Directed;2
oscarelmahdy;markdice;Mixed;2
shortfunnyguy;dove;Directed;1
dgoaim;swallowsgroup;Mixed;1
hpsoyer;9newsbrisbane;Mixed;1
dermalogicaaus;mbbl_tweets;Mixed;1
nos4int;thisisamplify;Mixed;1
prajwaltuladhar;ruralgreengp;Mixed;1
jachar90;pevonia;Directed;1
olgaolha;thepositivemom_;Mixed;1
dgoaim;yahoofinance;Directed;1
ourfemeconomy;woolworths;Directed;1
mrodriguesmd;wendylewisco;Directed;1
_hollygrace_;muradskincare;Directed;1
mrodriguesmd;drlisarobinson;Mixed;1
kiakho;tri_info;Mixed;1
hpsoyer;ausssc;Mixed;23
kaihodgkin;iamksealsallers;Mixed;1
drpeterleighton;ausssc;Mixed;1
getremarkable;huffingtonpost;Directed;1
dgoaim;isrctn;Mixed;1
audermreviews;hpsoyer;Mixed;1
gibboanddal;dove;Directed;1
reportwe;dove;Directed;1
oneninetynine;dermalogicaaus;Directed;1
asxwatcher007;lushtoblush;Mixed;2
thehealthygp;mattstammers_;Mixed;1
elliott_rohan;thehealthygp;Mixed;2
sal_star1;ausssc;Mixed;2
edwardjgrugiii;siobhangx;Directed;1
proactivaus;notreallyjenn;Directed;3
qut_ihbi;qutmedia;Mixed;1
dgoaim;els_allergy;Mixed;1
naevicre;metsthhealth;Directed;1
jamieandniks;aprilathena7;Directed;1
becyyboo;dove;Directed;1
dgoaim;pwheelton;Mixed;1
grantmerlfield;skinceuticals;Mixed;1
fionagillen2013;msveruca;Directed;2
mrrosshalliday;dove;Directed;1
bradrachelbart1;mommymusings;Mixed;1
dgoaim;paleycenter;Mixed;1
thehealthygp;racgp;Directed;7
danika_ferguson;campaignliveus;Mixed;1
mincle;ncloonan;Directed;2
szebastianonne;joyeetaaa;Mixed;1
yummololaberry;fabfitfun;Directed;1
ashtbc;thebloggershub_;Directed;1
amoz1972;garvaninstitute;Directed;1
dgoaim;llalizsa;Mixed;1
zephstefkrysezi;boygeorge;Mixed;1
sincerlysyd;vaselinebrand;Directed;1
dialydiya;neutrogena;Directed;1
lovinggrimmeh;neutrogena;Mixed;14
lovefaith_hope;dgoaim;Mixed;1
mrodriguesmd;beautylogicblog;Directed;1
anthonyraphael_;tarlprow;Mixed;1
thetelling;neutrogena;Directed;1
thesydneygloss;simpleskincare;Directed;1
jarradmitchell;dove;Directed;1
yolodykim;dove;Directed;1
noodlegirl2010;prajwaltuladhar;Mixed;1
wrightspr;mumbrellanews;Directed;1
realdoseofdee;adage;Mixed;1
diva_ex_machina;daneveryoumind;Directed;1
alisterrobbie;swoon_jon;Directed;1
shockresistant2;chrissy06699126;Mixed;1
australiandr;drsaxonsmith;Mixed;1
le_shill;teeveekwa;Mixed;1
mrodriguesmd;jaadjournals;Directed;1
nickhongsenglee;tri_info;Directed;1
nsdermatology;rationalesc;Mixed;1
mortimershole;markdice;Mixed;2
anaestricks;kangaroobeach;Directed;3
jenhock13;dove;Directed;1
lynholdsworth26;samsclub;Directed;1
mrodriguesmd;themja;Mixed;1
drnatashacook;beautycrew;Directed;1
drsaxonsmith;billshortenmp;Directed;1
stephaniemaii_x;neutrogena;Directed;1
thehealthygp;andrewjtagg;Directed;1
rebeccajacovou;thehealthygp;Mixed;1
thehealthygp;atul_gawande;Mixed;1
i_am_clovitus;prufrockery;Directed;1
hkalex83;rag_tagg;Directed;1
orendamagau;dove;Directed;1
georgiadebono;itgetsbetter;Mixed;1
darrenjones00;neutrogena;Mixed;1
nkasparian;williamslisaphd;Directed;1
dgoaim;gmail;Directed;1
plasticdiaries;voguefitblog;Directed;2
davidquattrucci;arielwinter1;Mixed;5
probeauty_aust;dermalogicaaus;Directed;1
purplecuri_;bbloggersau;Directed;1
tri_info;naevicre;Directed;3
librariannaoz;redbeanpro;Directed;1
amoz1972;drcford;Mixed;1
cdsumi87;qimrberghofer;Directed;1
finesse_doctor;drrodrohrich;Mixed;1
sleepandwater;burtsbeesaus;Directed;1
christinamkhael;un_csw;Mixed;1
dgoaim;eadv;Directed;2
abbygigi1981;dove;Directed;2
dinethra_menon;ama_nsw;Mixed;1
dimitystatheos;keurban;Directed;1
ellajmumby;cindygallop;Mixed;1
wrightspr;unilever;Directed;1
hpsoyer;uq_news;Directed;18
rodbamberry;emilyhole;Mixed;1
mrodriguesmd;gmgpr;Directed;2
adnews;dove;Directed;2
thoughtseeding;olayskin;Directed;1
samanthaswai;ashtbc;Directed;2
jaipapi1;nashgrier;Mixed;1
uq_news;uqmedicine;Mixed;3
kuroshparsi;euvenousforum;Mixed;1
cmri_aus;amoz1972;Mixed;1
holygrailbeaut1;simpleskincare;Directed;1
letowynnyt;skinhub;Directed;1
davinlim1971;couriermail;Directed;1
getprettyau;beauty411;Mixed;4
thedaisygardner;suzzanblac;Mixed;1
kittenflower;rachel_handler;Mixed;1
drdina1;adland;Mixed;1
thehealthygp;nswrgp;Directed;2
mrodriguesmd;siriouslysusan;Directed;1
mrodriguesmd;drdavidhulme;Mixed;1
nkasparian;gillianscott07;Directed;1
proactivaus;dreamyhoying;Mixed;1
xclarissam;larocheposay_au;Directed;1
annburns19;dove;Directed;1
vikorbobi;clairemb72;Directed;1
primalhit;dove;Directed;1
bdhpinfo;uqmedicine;Mixed;1
ambacomms;dove;Directed;2
dgoaim;springerderma;Mixed;1
pricelineau;neutrogena;Directed;3
thehealthygp;drpieterpeach;Directed;1
hpsoyer;uqdrc;Mixed;25
geophro;dove;Directed;1
pray4merder;kerrywashington;Mixed;1
becky_k_white;dove;Directed;2
drliamcaffery;cre_telehealth;Mixed;1
naevicre;parfoundation;Directed;3
mrodriguesmd;jrkleemann;Directed;1
byrdiebeautyau;clinique_oz;Directed;2
platinumderma;abcnews;Directed;1
sydcommfdn;dermalogicaaus;Directed;1
brally;dove;Directed;1
dgoaim;shoaibmkhan;Mixed;1
researchrevaus;mrodriguesmd;Mixed;1
asghaff;thamkhaimeng;Mixed;1
skincarestore;dermalogicaaus;Directed;8
goldwynpope;neutrogena;Directed;3
kerrygoldwyn;ourmermaidslife;Mixed;17
drrimmer;hpsoyer;Mixed;1
bryce0800;boygeorge;Directed;3
proactivaus;neonchipmunk;Mixed;1
absoluteskinau;absoluteskinau;Directed;1
sydneydigital;dove;Directed;1
wmsaustralia;kimraluna;Directed;1
cheapexcuses;aquiversivan;Directed;1
dermatologyaust;aadskin;Mixed;1
cam178;sophia09lee;Mixed;1
sharonclues;transequality;Directed;1
cerealwarz;dove;Directed;1
nashgriieerrrr;nashgrier;Mixed;1
thetiamari_oz;neutrogena;Mixed;1
ayyeeadrian;snapchat;Directed;1
tri_info;meisshaily;Mixed;1
goldwynpope;kerrywashington;Mixed;9
tarlprow;jamaderm;Directed;1
dgoaim;libroantiguo;Mixed;2
dranneline;gillianscott07;Directed;1
dgoaim;dermaauthority;Mixed;1
mrodriguesmd;mbekkenk;Directed;1
helwalkturn;theprojecttv;Mixed;1
maritacowie;kangaroobeach;Mixed;1
qldgenomics;ehealthqld;Directed;1
anthonyraphael_;tri_info;Directed;1
stylingyou;dermalogicaaus;Directed;2
ontakt;sallyhogshead;Directed;1
timchesterfield;dove;Directed;1
thehealthygp;futurelearn;Directed;1
nebby_99;kellyefine;Mixed;1
hpsoyer;meharris;Directed;1
sunday_chapter;dermalogicaaus;Directed;1
jordanhoran16;nashgrier;Mixed;1
dgoaim;visit_izmir;Mixed;1
thehealthygp;broomedocs;Directed;7
jus_de_fruit;missvintagepink;Mixed;1
drsaxonsmith;ama_nsw;Mixed;2
thehealthygp;bmj_latest;Mixed;1
davidburt8;uqmedicine;Mixed;1
kylanw2000;unilever;Directed;1
karlskib;hyperglavin;Directed;4
siennarosaa;nashgrier;Directed;1
drsaxonsmith;greghuntmp;Directed;1
ama_nsw;theprojecttv;Mixed;1
dgoaim;intsocderm;Directed;2
sandraturner49;drsaxonsmith;Mixed;1
getaskincheck;sundicatorsaus;Mixed;1
kaihodgkin;makesmilk;Directed;1
ozbeautydeals;belugalipofirm;Directed;1
businesschicks;dermalogicaaus;Directed;1
uberbrand;dove;Directed;1
mstessalexandra;larocheposay_au;Directed;1
byrdiebeautyau;johnfriedaaus;Directed;1
damianjtopp;hpsoyer;Mixed;1
skincancerguru;hpsoyer;Directed;1
mikeguelfi;deemadigan;Directed;1
thehealthygp;richhabits;Directed;1
ayyeeadrian;shnxr;Directed;1
waggafeminist;4th_wavenow;Directed;1
welcometocom;poopourri;Directed;1
naevicre;ausssc;Mixed;6
goldwynpope;lindsayalbanese;Mixed;1
thehealthygp;anzca;Directed;1
dgoaim;wordpressdotcom;Directed;1
wmsaustralia;sallyhogshead;Directed;1
uqmedicine;uqdrc;Mixed;20
audermreviews;drsaxonsmith;Mixed;1
thehealthygp;elliott_rohan;Mixed;1
budgeco;simpleskincare;Directed;1
yourpalthomlett;asus_rog;Directed;1
mrodriguesmd;drwalhussain1;Mixed;1
mrodriguesmd;emjzoe;Directed;1
hpsoyer;pahospital;Directed;20
dgoaim;dalrymplewill;Mixed;2
drbarsoumr;sandcfinc;Mixed;1
adfowl;unsceneberlin;Directed;1
aleeb88;dove;Directed;1
proactivaus;thisisamplify;Directed;9
nattydb;omri_rawrlan;Mixed;1
oakydolan;nashgrier;Mixed;1
soniastyling;olayskin;Directed;1
people_reel;stylepeaches;Directed;1
platinumderma;skinmdco;Mixed;1
jachar90;kmscaliforniaus;Directed;1
auscdnpaula;shondarhimes;Directed;1
doochilou;dove;Directed;1
hpsoyer;sandraupson;Directed;1
auscdnpaula;dove;Directed;1
batoul_baz;uqmbs;Directed;1
hpsoyer;monikajanda;Mixed;1
kerrygoldwyn;takishahair;Directed;2
rainamacintyre;a_nickerson36;Directed;1
kerrygoldwyn;kerrywashington;Directed;4
may_april_rose;skincarestore;Mixed;1
deborahtobias;oralb;Directed;1
kkeneally;campaignliveus;Mixed;1
leather_lattes;dermalogicaaus;Directed;1
dwb2109;dove;Directed;1
mrodriguesmd;doclarkins;Directed;1
tarlprow;gatesfoundationhttps;Directed;1
thehealthygp;eleytherius;Directed;1
gilliespace;surrealjamesnelson;Directed;1
skincarestore;skincarestore;Directed;1
antoniagage;hpsoyer;Mixed;1
dgoaim;themja;Mixed;3
pahospital;uqdrc;Mixed;1
mrodriguesmd;seemalrdesaimd;Mixed;1
larocheposay_au;pricelineau;Directed;1
hpsoyer;rajna_o;Mixed;1
freemagazinesyd;karenadamedes;Directed;1
jasonroberts_pk;padstamundo;Directed;1
itstaaylor;idkitsben;Mixed;2
burneyeaus;olayskin;Directed;1
dgoaim;brjdermatol;Mixed;8
ozharvest;kelloggs_au;Directed;1
hyperglavin;dove;Directed;11
theriseofgomez;carolagmakeup;Mixed;1
jesshealywalton;rebekahmarine;Mixed;1
mrodriguesmd;sampavin;Directed;1
british419er;mrzeeco;Mixed;1
hpsoyer;themja;Directed;1
drjustincoleman;broomedocs;Mixed;2
wildsivanna;youtube;Directed;1
drsaxonsmith;turnbullmalcolm;Directed;1
lantudor;meganpormer;Mixed;1
jaackkkd;nashgrier;Mixed;2
drmichaeltirant;academia;Directed;1
missgtbeauty;britishvogue;Mixed;1
dgoaim;womensderm;Mixed;8
victorchanginst;amoz1972;Mixed;1
thisisamplify;proactivaus;Directed;3
dentistbrisbane;amnestyoz;Mixed;1
ross1coe;bbeautyunfltrd;Directed;1
transdownunder;markdice;Mixed;1
790mel;neutrogena;Directed;1
deva_ang;realjack;Mixed;1
doctorjeph;lucekel;Mixed;1
lilyrmunroe;adland;Mixed;1
aia_sydneycbd;amnestyoz;Mixed;1
sharonclues;ja__malone;Directed;1
monica_melb;dermalogicaaus;Directed;2
edwardjgrugiii;quendergeer;Mixed;1
dgoaim;eadv;Mixed;9
rheemor;jenny_stem;Directed;1
mrodriguesmd;skinfitlife;Directed;1
bradrachelbart1;familyfocusblog;Mixed;1
westsidederm;westderm;Directed;1
lucasli9125;dove;Directed;1
drdina1;biologicalwmn;Directed;1
rockmafiaaussie;neutrogena;Mixed;1
tri_info;nhmrc;Directed;1
ausssc;hpsoyer;Mixed;69
hyperglavin;vrunt;Mixed;1
danojack1;markdice;Mixed;1
blisteringdz;dgoaim;Mixed;19
larocheposay_au;pricelineau;Mixed;2
yolodykim;sunriseon7;Directed;1
hazel_rhodes1;susiejverrill;Directed;1
madelinelaffey;adweek;Mixed;1
hpsoyer;altmetric;Directed;1
bryce0800;dove;Directed;3
thehealthygp;perthwildcats;Directed;1
thehealthygp;alexnavarini;Mixed;1
thehealthygp;gramercypark;Directed;1
stefanobris;hpsoyer;Directed;1
ourfemeconomy;gillette;Directed;1
itstalecia;audible_com;Directed;3
mrodriguesmd;denasimmons;Directed;1
cerealwarz;elizaclairem;Directed;1
kevinmorgantas;c0nvey;Directed;1
ozproductjunkie;skinmedica;Directed;1
mrodriguesmd;rasushrestha;Mixed;1
cre_telehealth;uq_news;Directed;1
thetiamari_oz;23ophelia;Mixed;1
drhutch2011;prajwaltuladhar;Mixed;1
ohmeplums;dove;Directed;1
drnigelarmfield;hpsoyer;Mixed;1
mdmabsentminded;dove;Directed;1
lurksides;thisisamplify;Mixed;1
andrewjtagg;broomedocs;Mixed;1
shaunsivan;thisisamplify;Mixed;1
thetruthexpress;fastfm;Directed;1
cameronkimjones;sevenperth;Directed;1
jolintsai130;dove;Mixed;1
naevicre;hpsoyer;Directed;8
carouselworld;neutrogena;Directed;3
naevicre;camerondickqld;Directed;1
richaod;vrunt;Mixed;1
thetiamari_oz;kerrywashington;Directed;3
rockmafiaaussie;olivia_holt;Mixed;3
mrodriguesmd;harvardhealth;Mixed;1
freemagazinesyd;andrewrobyevent;Directed;1
becky_k_white;makesmilk;Directed;2
newswatchoz;dove;Directed;2
shockresistant2;markdice;Mixed;2
alisterrobbie;larocheposay_au;Directed;3
arodcmarolf;fastfm;Mixed;1
vkat81;vaselinebrand;Mixed;1
persuasiveprose;dove;Directed;1
jasonroberts_pk;btccrc;Directed;1
meagziking;campaignliveus;Mixed;1
unisafii;tarlprow;Mixed;4
kyleandjackieo;itsjuliebowen;Directed;1
gilliespace;maccosmetics;Directed;1
hpsoyer;imbatuq;Mixed;1
justsocialize;poopourri;Directed;1
sqrlst;dove;Directed;1
amoz1972;unsw;Directed;10
dgoaim;aushouselondon;Mixed;1
thehealthygp;merryngott;Directed;1
centenary0fcanb;florez_vanessa;Mixed;1
witho56;meganpormer;Mixed;1
amoz1972;drmegsw;Directed;1
nickhongsenglee;hpsoyer;Directed;1
naevicre;monikajanda;Directed;2
prodermal;dermalogicaaus;Directed;4
allynnnns;nashgrier;Mixed;1
emsharley;teslamotors;Directed;1
hoseokjinyoongi;dove;Directed;1
centenaryinst;drphiltong;Mixed;1
sciencemarchbne;amoz1972;Mixed;1
andrewjtagg;thehealthygp;Mixed;1
mischbypls;bigfashionista;Mixed;1
desiresfool;bixenbabe;Mixed;1
officalac_;peta;Directed;1
mdmabsentminded;debraferreday;Directed;2
mariafarmerpr;dove;Directed;2
ozharvest;colgateau;Directed;1
mrodriguesmd;stepup4vitiligo;Mixed;1
mrodriguesmd;stmarkshosp;Directed;1
amoz1972;prof_iand;Directed;1
christieee__xo;allnaturalmi;Mixed;2
jarradmitchell;unilever;Directed;1
tri_info;batoul_baz;Mixed;2
dgoaim;austradeuk;Mixed;1
weezmgk;karinspinnn;Directed;1
mcmdigitalau;bandt;Directed;1
angiechicky;olayskin;Directed;1
jessejwalker;jennineak;Directed;1
mrodriguesmd;monash_fmnhs;Directed;2
herquarters;vaselinebrand;Directed;1
amoz1972;bassemakladios;Directed;3
proactivaus;lilyaldridge;Directed;2
hoseokjinyoongi;markdice;Directed;1
mrodriguesmd;jddonline;Directed;1
amberp_w;thisisamplify;Mixed;1
rainamacintyre;williamslisaphd;Directed;1
wendybirdoz;dove;Directed;1
nkasparian;wvzhealthwriter;Directed;1
dgoaim;sho_homeland;Mixed;1
drsaxonsmith;melissaldavey;Directed;1
ketaminh;thehealthygp;Mixed;4
sinea1316;nashgrier;Mixed;1
emmamstirling;dove;Directed;1
platinumderma;selenagomez;Directed;1
dgoaim;cebdnottm;Mixed;6
jamesmathison;cindi1shorty;Directed;1
mrodriguesmd;spotsession;Mixed;1
mrodriguesmd;sandcfinc;Mixed;1
hpsoyer;zipnosis;Mixed;1
priyant1987;neutrogena;Directed;1
people_reel;olayskin;Directed;1
abey_australia;cakesbycliff;Directed;1
uqmedicine;camerondickqld;Directed;2
forever_we_grow;pricelineau;Directed;2
davroe;benefitbeauty;Directed;1
dgoaim;universalpicsau;Mixed;1
snorlaxmonster;vrunt;Mixed;1
larocheposay_au;lorealaustralia;Mixed;1
uq_news;uqdrc;Directed;3
perfectcanvasay;larocheposay_au;Directed;2
dgoaim;bloomsburybooks;Mixed;1
worldskills_au;dermalogicaaus;Directed;1
petehong86;lego;Directed;1
invertedbee;fastfm;Mixed;1
amoz1972;hossaigul;Directed;1
mstessalexandra;darphin;Directed;1
aweacademy;natgeoau;Directed;1
cre_telehealth;hpsoyer;Mixed;5
skincarestore;skinstore;Mixed;1
kylanw2000;dove;Directed;4
adfowl;probably_alice;Directed;1
aussietrudes;amyjoryan;Directed;1
goshling;lynx;Directed;1
marthasmadrigal;girlslifemag;Directed;1
hpsoyer;firstcheckskin;Mixed;3
hughriminton;drsaxonsmith;Mixed;1
a_evangeli;conversationedu;Directed;1
carouselworld;sharonsmakeup;Directed;1
becbrideson;dove;Directed;6
drclareburns;cre_telehealth;Mixed;1
kangaroobeach;thehealthygp;Directed;1
hinakosays;simpleskincare;Mixed;1
padstamundo;jasonroberts_pk;Mixed;1
sydcommfdn;darlotheatre;Directed;1
bethomatic71;dove;Directed;1
hpsoyer;medunigraz;Directed;2
modibodi;target7official;Directed;1
nataliee__marie;neutrogena;Directed;1
larocheposay_au;mbpaperpackages;Directed;2
jamesmathison;darthshaokahn;Directed;1
thetelling;kerrywashington;Directed;1
naevicre;uqmedicine;Mixed;2
thehealthygp;betteragedcare;Directed;1
mrodriguesmd;wcd2019milan;Mixed;1
dgoaim;skinpact;Mixed;3
mrodriguesmd;jpigmentdisord;Directed;1
drpeterleighton;hpsoyer;Mixed;2
donalyngarcia;sephoraaus;Directed;1
nic_jameson;boygeorge;Mixed;1
dgoaim;aushcuk;Mixed;1
thetruthexpress;fastcompany;Directed;1
ambacomms;cocacola;Directed;1
larry_is_love18;huwsamuel;Mixed;1
ausssc;uqmedicine;Mixed;1
amoz1972;cnscytoskeleton;Mixed;1
jachar90;dove;Directed;1
blueskyemining;beaglefreedom;Directed;1
hpsoyer;qimrberghofer;Mixed;1
bradrachelbart1;thelocdbella;Mixed;1
periopttecho;thehealthygp;Mixed;1
drmlivingston;dove;Directed;1
ms_maire;dove;Directed;2
anthonyraphael_;thepeerj;Directed;1
lucindawright_;proactivaus;Mixed;1
gmwomen;dove;Directed;4
nsmale;mrodriguesmd;Directed;1
platinumderma;beautyheaven;Directed;1
lovinggrimmeh;olivia_holt;Mixed;10
mrodriguesmd;jamaderm;Mixed;2
naevicre;tarlprow;Mixed;1
ellymooq;dove;Directed;1
batoul_baz;tri_info;Directed;2
dgoaim;natgeotravel;Mixed;2
amber_wallace75;neutrogena;Directed;1
iamsimbaaah;mrzeeco;Mixed;1
roud7734;olayskin;Directed;1
drdina1;cwknews;Directed;1
danniwrightdw;dove;Directed;2
larocheposay_au;loreal;Mixed;1
mrodriguesmd;anthony_thorpe;Directed;1
proactivaus;adventuredolann;Mixed;1
dgoaim;atul_gawande;Mixed;1
thehealthygp;markhohenberg;Directed;1
bee3105;tri_info;Mixed;1
rdisposition;dermalogicaaus;Directed;1
dgoaim;britishroyals;Mixed;3
annaxxx_;neutrogena;Directed;1
ern_malleyscrub;msveruca;Mixed;1
digital_tanya;dove;Directed;1
amoz1972;tcox_lab;Mixed;1
kangaroobeach;prajwaltuladhar;Mixed;1
dgoaim;independent;Mixed;1
ellymooq;carey_fiona;Directed;1
lucy_macarthur;proactivaus;Directed;2
officalac_;victoriassecret;Directed;1
doctorjeph;caissie;Mixed;1
dieselmydog;campaignliveus;Mixed;1
dermatologyaust;drsaxonsmith;Mixed;12
lucasli9125;olayskinhttps;Directed;1
tarlprow;unisafii;Directed;4
hpsoyer;qldgenomics;Mixed;2
goshling;dove;Directed;1
heatheriwatkins;skinceuticals;Directed;1
mrodriguesmd;michaelbuck_ip;Directed;1
socalledmel;vrunt;Mixed;1
carolynbm;benandjerrys;Directed;1
drphiltong;centenaryinst;Directed;1
christinamkhael;wagggs_world;Mixed;1
yolanda_vu_;sttropeztan;Directed;1
neiltilbrook;olayskin;Directed;1
cielomiu;songqueen22;Mixed;1
msveruca;fionagillen2013;Directed;1
rgv_2000;muradskincare;Mixed;1
shazanfar;aliciaoshlack;Directed;1
kiakho;ausssc;Mixed;1
bdaustralia;dermalogicaaus;Directed;1
elizabethconto2;dgoaim;Mixed;5
mrodriguesmd;leopharmaca;Mixed;1
thehealthygp;aicdirectors;Directed;3
mrodriguesmd;harrisvitiligo;Mixed;2
thewillofjane;dove;Directed;1
iitalw;hyperglavin;Directed;3
sausageeyeroll;mrzeeco;Mixed;1
thehealthygp;elissa_campbell;Directed;2
larocheposay_au;jennineak;Directed;5
ozproductjunkie;avene_uki;Directed;1
adeldmeyer;dove;Mixed;1
dgoaim;alistairjhogg;Directed;1
seren14dipity;socialsouphq;Directed;1
thehealthygp;ruralflyingdoc;Directed;1
croakeynews;thehealthygp;Mixed;1
thehealthygp;anaesthesia_agb;Directed;2
paulrigby7;sallyjsara;Directed;1
cindyburke;jacqueline;Mixed;1
claremaxfield;dove;Directed;1
lillydayx;proactivaus;Directed;1
dgoaim;stjohnsdermsoc;Mixed;1
bellaboxaus;cetaphil_au;Directed;1
helcat22;sallyjsara;Directed;1
amoz1972;tcox_lab;Directed;1
zesy_fiverr;winslowskincare;Directed;1
rainamacintyre;clairehenry0;Directed;1
qimrberghofer;uqdrc;Mixed;1
assangefreedom;samboo912;Directed;1
ashtbc;simpleskincare;Directed;1
dranneline;nkasparian;Directed;1
beautycrew;larocheposay_au;Mixed;1
pissedachios;adweek;Mixed;1
mrodriguesmd;aadmember;Mixed;5
samanthaswai;thebloggershub_;Directed;1
uqmedicine;hpsoyer;Directed;3
getremarkable;dove;Directed;1
hpsoyer;tarlprow;Mixed;1
prue_donovan;batoul_baz;Mixed;1
dgoaim;throatsurgeon;Mixed;1
aiembicated;proactivaus;Directed;1
itstalecia;hellaish;Directed;1
dgoaim;drverschoore;Mixed;1
diva_ex_machina;dove;Directed;1
amoz1972;cmri_aus;Directed;1
hpsoyer;addthis;Directed;4
aretigav;cre_telehealth;Mixed;1
hughbinks;amnestyoz;Mixed;1
eiodyw;juliebabyar;Mixed;1
hpsoyer;ausmed;Directed;1
peterdoyley;uq_news;Mixed;1
steffiejade;dove;Directed;1
hpsoyer;naevicre;Mixed;11
aptronym;dove;Directed;1
hpsoyer;techreview;Directed;1
proactivaus;blueplanetpr;Directed;2
drkirrilly;neutrogena;Directed;1
i20brisbane;hpsoyer;Mixed;1
alexjgregg;uqdrc;Mixed;2
prajwaltuladhar;tvren;Mixed;2
mrodriguesmd;les_limited;Directed;1
dgoaim;wcd2019milan;Mixed;1
msmel13;theprojecttv;Mixed;1
johnhollloake;juliebabyar;Mixed;1
audermreviews;australasianepi;Mixed;1
fightonthebeach;neutrogena;Directed;1
ern_malleyscrub;whoaitsleah;Directed;1
lamodeeternelle;larocheposay_au;Directed;4
colmirgo;dove;Directed;1
pahospital;uqmedicine;Directed;1
woodwardgeorgie;shondarhimes;Directed;1
voguefitblog;palmersuk;Directed;3
proactivaus;mypetalboytroye;Directed;1
dgoaim;raziakkhan;Mixed;1
digyhu;simpleskincare;Directed;1
ianmessum;ogilvy;Directed;1
jorja_xo;makeupforeverus;Directed;1
kapposd;fakeweez;Mixed;1
melframe;pahospital;Mixed;1
bradwmc;boygeorge;Directed;1
amoz1972;nikolabowden;Directed;1
kaihodgkin;makesmilk;Mixed;1
jiangyin;dove;Directed;1
skinpathology;hpsoyer;Mixed;1
bee3105;uqdrc;Mixed;1
prufrockery;msveruca;Directed;2
garland_paige;amnestyqldnnsw;Mixed;1
mrodriguesmd;nytimes;Directed;1
ashleyintheory;dove;Directed;1
rasi_xoxo;simpleskincare;Mixed;1
sharonclues;transgendernews;Directed;1
theremotecoach;sallyhogshead;Directed;1
sausageeyeroll;dove;Directed;1
nsdermatology;nsdermatology;Mixed;1
sandyfeetaus;todaysparent;Mixed;1
ausssc;qldgenomics;Mixed;2
ivankaprichard;nadiac322;Mixed;1
hpsoyer;qimrbergh_pubs;Directed;2
proactivaus;blue_planetpr;Mixed;1
sharonfajou;dove;Directed;1
lauralm88;nashgrier;Mixed;1
scuraido;carltonkirby;Mixed;1
nicolejensen;cindygallop;Mixed;1
tribeflare;sallyhogshead;Directed;1
rheemor;clarissajaz;Directed;1
dgoaim;sohanaresearchf;Mixed;6
_hollytweets;mrzeeco;Mixed;1
fionadavies8;drsaxonsmith;Mixed;2
thehealthygp;cairnstaipans;Directed;1
tri_info;hpsoyer;Directed;1
ausssc;uqmedicine;Directed;6
misskylie77;dove;Directed;1
amoz1972;pritinkaur;Directed;1
hpsoyer;conversationedu;Directed;3
thehealthygp;saratmd;Directed;1
skincarestore;marieclaire;Directed;1
madzsux666;mrzeeco;Mixed;1
doctor_wylde;scientits;Mixed;1
thehealthygp;mrodriguesmd;Directed;1
ozdermatologist;nsdermatology;Mixed;4
freemagazinesyd;shoptilyoudrop;Directed;1
modibodi;dove;Directed;1
tamacoleo;vaselinebrand;Directed;3
darlynjame;mmeofc;Mixed;1
mrodriguesmd;jeffbullas;Directed;1
nsdermatology;vogueaustralia;Directed;3
uq_news;conversationedu;Directed;3
cstensved;youtube;Directed;1
russellallert;dove;Directed;1
glambymark;gabrielzamora;Directed;1
thehealthygp;kangaroobeach;Mixed;1
shazanfar;mincle;Directed;1
shnxr;dove;Directed;1
shortfunnyguy;sbseurovision;Directed;1
qldgenomics;uqdrc;Directed;1
amoz1972;jenny_stem;Directed;2
larry_is_love18;stacey_rose1704;Mixed;1
arganbestprice;bloodypeach;Mixed;1
ruby_walsh95;neutrogena;Directed;1
jessica_roman0;dove;Directed;2
hollywoodtrmnt;neutrogena;Directed;1
mrodriguesmd;nydermpa;Mixed;1
dgoaim;turkishairlines;Mixed;1
kangaroobeach;thehealthygp;Mixed;1
rheemor;mincle;Directed;1
lisa_h_amir;mathisenroger;Mixed;1
uqmedicine;batoul_baz;Mixed;1
nikdigital;neutrogena;Directed;1
caitfigueiredo;unilever;Directed;1
miss_tanny;shondarhimes;Directed;1
mrodriguesmd;anthony_thorpe;Mixed;1
audermreviews;emjdermatology;Mixed;1
nikkimeyer;dove;Directed;1
synaptickid;dove;Directed;1
davidburt8;uqdrc;Mixed;1
tiahmccurdy;dove;Directed;2
drmerlyn;dove;Directed;1
jacki_liddle;cre_telehealth;Mixed;1
mrodriguesmd;jaadcasereports;Mixed;1
mashxtowin;shackle_ton;Directed;1
naevicre;tri_info;Directed;8
nicoleliebmann;ogilvy;Directed;1
naevicre;uqmedicine;Directed;3
thetiamari_oz;olitzfangirl;Directed;1
cheapexcuses;proactivaus;Directed;3
wildsivanna;nashgrier;Mixed;1
_lilmamagrier_;nashgrier;Mixed;1
chris9slater;dove;Directed;1
voguefitblog;sttropeztan;Directed;2
lovinggrimmeh;stephanietianaa;Mixed;1
boothmaddy;jodiecongirl;Mixed;1
mrodriguesmd;farbodsaraf;Mixed;1
thehealthygp;acflurane;Directed;1
cmakeupmaniaah;bourjoisau;Directed;1
drbarsoumr;phmckee1948;Mixed;1
dgoaim;hellomag;Directed;1
shazanfar;clarissajaz;Directed;1
rustyroar;neutrogena;Directed;1
dgoaim;time;Mixed;3
wellness50plus;carouselworld;Mixed;1
dgoaim;harvardmed;Mixed;6
decertatio;dove;Directed;1
mixtapehero;ceraveskin;Directed;1
drpeterleighton;drsaxonsmith;Mixed;1
kymtje;dove;Directed;1
mrwebmarketing;poopourri;Directed;1
drsaxonsmith;ama_media;Directed;1
proactivaus;valy_styles;Mixed;1
model_appetite;twitterau;Directed;1
docandrewj;bmj_qual_saf;Directed;1
blue_planetpr;proactivaus;Directed;33
stepupdigital;sallyhogshead;Directed;1
gilliespace;company1agency;Directed;1
samanthaswai;simpleskincare;Directed;1
rfheartnm;tonette913;Mixed;1
proactivaus;kierstenduke;Directed;1
naevicre;naevicre;Mixed;8
yazminevanss;dermalogicaaus;Directed;1
jas0nkhsu;thesimpleparent;Mixed;1
ketaminh;broomedocs;Directed;17
jachar90;dovehttps;Directed;2
misskylie77;julie_b92;Directed;1
thehealthygp;ejhealth_ageing;Mixed;1
drbarsoumr;curemelanoma;Mixed;1
jamie_doran;dermalogicaaus;Directed;1
dgoaim;meralhece;Mixed;2
mrodriguesmd;dgoaim;Directed;1
missannaqian;muradskincare;Directed;3
drmelob;sincdermatology;Directed;1
madvet2000;thamkhaimeng;Mixed;1
amoz1972;anzscdb;Directed;1
mincle;giselaschuller;Directed;4
cdsumi87;uq_news;Mixed;1
dermalogicaaus;rissrissriss;Mixed;1
uqmedicine;qldgenomics;Directed;2
ms_franklin_vp;msveruca;Mixed;1
colours_shadows;muradskincare;Directed;1
wendybirdoz;hollywooddebi;Directed;1
kaitlyncooney03;proactivaus;Mixed;1
insightsbs;thehealthygp;Mixed;1
tcamerontodd;thehealthygp;Directed;1
edjlazar;jenoni_inc;Mixed;1
thehealthygp;audigitalhealth;Directed;2
kachigmalyan;uqmedicine;Mixed;1
alisterrobbie;mattbrick1;Directed;1
dgoaim;borisjohnson;Mixed;1
aus_contrarian;adamferrier;Mixed;1
naevicre;wanderingmanesp;Directed;1
kaptain_kaos;swiftonsecurity;Directed;1
sydcommfdn;committee4syd;Directed;1
prajwaltuladhar;nomadicgp;Mixed;1
thetiamari_oz;neutrogena;Directed;5
mrodriguesmd;gokusodmg;Directed;1
proactivaus;shinyglitterbug;Directed;1
bbloggersau;purplecuri_;Mixed;1
jemmamarie_xx;boygeorge;Mixed;1
drsaxonsmith;drtessak;Mixed;1
izzyluvstroye;sageymellet;Directed;1
adeldmeyer;dove;Directed;3
keevatbj;yeoshinlourdes;Mixed;1
proactivaus;robynfoyster;Directed;1
romcdonald;dove;Directed;1
caitlinsyrett;theazzo;Mixed;1
yummololaberry;pippypom;Directed;1
leprechaunjack7;boygeorge;Mixed;1
waggafeminist;unbreakablepenn;Directed;1
uddinkpr;uq_news;Mixed;1
mnuglobal;shondarhimes;Mixed;1
lizchristensen2;uqmedicine;Mixed;1
abbeydiaz_says;hpsoyer;Mixed;1
aussietrudes;whoaitsleah;Directed;1
coopesdetat;gillianscott07;Directed;1
joel_winz;filomenakaguako;Mixed;1
frantasticmaiya;bixenbabe;Mixed;1
anthonyraphael_;uqdrc;Directed;2
cashh_mania;amandamagee;Mixed;1
dgoaim;un;Mixed;1
sharonclues;dove;Directed;1
tommaynard;thisisamplify;Mixed;1
sam_weingott;dove;Directed;1
nlafanclub;googleymoogley;Directed;1
carolynbm;hellmanns;Directed;1
fyeummumusa;simpleskincare;Mixed;1
josephine_sch;bandt;Directed;1
dgoaim;wimbledon;Mixed;3
badrepdaniella;thisisamplify;Mixed;1
parfoundation;uqdrc;Mixed;2
ausssc;wiley_health;Mixed;1
dgoaim;jamaderm;Mixed;1
biomedethics;hpsoyer;Directed;1
ceceandgrace;dermalogicaaus;Directed;6
wljdaus;previewph;Mixed;1
gabimckenzie;dove;Mixed;2
apicot;amoz1972;Mixed;1
ontakt;kimraluna;Directed;1
michelleleech5;mrodriguesmd;Directed;1
hpsoyer;mobihealthnews;Directed;1
boyfromburleigh;markdice;Directed;1
proactivaus;bonnierud;Directed;1
stefanobris;pahospital;Mixed;1
thehealthygp;gerisoc;Directed;1
samantixism;dove;Directed;1
yummololaberry;muradskincare;Directed;1
_samanthaf_;omri_rawrlan;Mixed;1
goshling;jessicae13eaton;Directed;1
mrodriguesmd;aklofters;Directed;1
sphleaa;thamkhaimeng;Mixed;1
tri_info;uqdrc;Mixed;20
jennineak;larocheposay_au;Directed;3
rainamacintyre;drsachasb;Directed;1
innesbrowna;hello_october_;Mixed;1
qutmedia;jamaderm;Directed;1
thehealthygp;broomedocs;Mixed;2
coopesdetat;drcford;Directed;1
pricelineau;olayskin;Directed;1
mumconfession;aiming4august;Mixed;1
carolinepritch3;lovewilko;Mixed;1
askgerbil;sallyjsara;Mixed;1
adamferrier;suzukiaus;Directed;1
drbarsoumr;cebdnottm;Mixed;1
proactivaus;stephilangemua;Mixed;1
fewingsbj;dgoaim;Mixed;1
bradwmc;dove;Directed;1
byrdiebeautyau;maccosmetics;Directed;1
sundicatorsaus;getaskincheck;Directed;1
hpsoyer;wiley_health;Mixed;1
tarlprow;hpsoyer;Directed;1
welcometocom;dove;Directed;1
meliaxford;proactivaus;Directed;2
chloegracejoy;simpleskincare;Mixed;1
bradrachelbart1;magicalsiblings;Mixed;1
gloskinbody;dermalogicaaus;Directed;3
mrodriguesmd;tremmers08;Directed;1
sausageeyeroll;nuks4prez;Directed;1
ozdermatologist;dermatologyacd;Mixed;2
thestyletrust;vaselinebrand;Directed;1
theredwitch;deemadigan;Mixed;1
mrodriguesmd;the;Directed;1
ivankaprichard;brunswickgroup;Mixed;1
dimitystatheos;muradskincare;Directed;1
drphiltong;wileyexchanges;Mixed;1
maccapolitical;maccapolitical;Directed;1
thetiamari_oz;kerrywashington;Mixed;2
prajwaltuladhar;drmarlenepearce;Mixed;1
uqmedicine;tri_info;Directed;1
amoz1972;josbowles;Directed;1
mitchills;sallyhogshead;Directed;1
mrodriguesmd;mridem222;Directed;1
sundicatorsaus;melanomaaus;Directed;1
loveluce_xo;alexieandra;Directed;1
melmc13;youtube;Directed;1
spinzig;chrissy06699126;Mixed;1
affiliatebyapd;neutrogena;Directed;1
lorealaustralia;larocheposay_au;Directed;1
dgoaim;aadmember;Mixed;8
miss_tanny;dove;Directed;1
fatchoi27;neutrogena;Directed;1
lillydayx;proactiv;Directed;1
prajwaltuladhar;ozjohnd;Mixed;1
mrodriguesmd;emjreviews;Directed;1
dgoaim;bbcworld;Mixed;8
coreen085;afeministmother;Mixed;1
naevicre;naevicre;Directed;10
wandertravel1;popsugarbeauty;Mixed;1
maggersz;deemadigan;Mixed;1
hpsoyer;conversationuk;Directed;1
thehealthygp;amdiabetesassn;Directed;1
hpsoyer;katieclift;Directed;1
thehealthygp;wef;Mixed;2
pharm_unimelb;sincdermatology;Directed;1
byrdiebeautyau;olayskin;Directed;4
lovinggrimmeh;star_news;Directed;2
blueskyemining;dove;Directed;6
ccqld;hpsoyer;Mixed;1
amoz1972;pauli_cm;Directed;1
forever_we_grow;larocheposay_au;Directed;2
drphiltong;dermatologyacd;Mixed;4
bassemakladios;amoz1972;Mixed;1
gillianmccord;rachel_handler;Mixed;1
dgoaim;genomicsengland;Mixed;1
jorja_xo;nudestix;Directed;1
mrodriguesmd;droedadzie;Directed;1
mrodriguesmd;practical_derm;Mixed;1
lisa_h_amir;drmichlee;Mixed;1
cassyoconnormp;amnestyoz;Mixed;1
christinaveitch;lovewilko;Mixed;1
6ixx_peach;crocs;Directed;1
bradmariano;vrunt;Mixed;1
mrodriguesmd;pathoprakash;Directed;1
diva_ex_machina;dmhardc;Directed;1
sharonclues;transgenderutd;Directed;1
thehealthygp;mja_editor;Directed;1
thehealthygp;tombilyeu;Directed;1
hpsoyer;davidburt8;Mixed;1
gilliespace;bree;Directed;1
proactivaus;idkitsben;Mixed;4
hpsoyer;curemelanoma;Mixed;1
melbourneyum;drlanzer;Directed;2
mrodriguesmd;marshawright;Directed;1
becky_k_white;makesmilk;Mixed;1
eroticniallh;mrzeeco;Mixed;1
lillydayx;proactivaus;Mixed;1
padstamundo;uqmedicine;Mixed;1
drbarsoumr;melanomaaus;Mixed;2
plasticdiaries;dove;Directed;2
thehealthygp;drbastianseidel;Directed;2
prajwaltuladhar;drbastianseidel;Mixed;1
shannon_hussey1;nashgrier;Mixed;1
harradine1001;hpsoyer;Mixed;1
almostposh;dove;Directed;1
immi_gartside;thisisamplify;Mixed;1
dgoaim;blisteringdz;Mixed;10
jameskbrooks;sallyhogshead;Directed;1
bubblesaus;teenvogue;Directed;1
jesseankh;katvondbeauty;Directed;1
dgoaim;juliemccrossin;Mixed;7
brbkissed;masturbatelog;Mixed;1
alamyoosuff;thehealthygp;Mixed;1
georgeinstitute;ausssc;Mixed;1
batoul_baz;uqdrc;Directed;3
rheemor;jacwabbit;Directed;1
waggafeminist;terrorizermir;Mixed;1
carolin35724834;amnestyoz;Directed;1
salinasydney;antisocialpml;Directed;1
i_am_clovitus;whoaitsleah;Directed;1
suzyjacobs;dermalogicaaus;Directed;1
anzca;thehealthygp;Mixed;4
re_elfashion;olayskin;Directed;7
josephine_sch;dove;Directed;1
stepupdigital;kimraluna;Directed;1
mrodriguesmd;imcasacademy;Directed;1
drhutch2011;thehealthygp;Mixed;1
_midofo_;dove;Directed;1
melbourneyum;youtube;Directed;1
itstalecia;dove;Directed;4
drphiltong;isfcharity;Mixed;1
woodwardgeorgie;dove;Directed;1
sueken;huffingtonpost;Directed;1
thehealthygp;drbethrussell;Mixed;1
nkasparian;drcford;Directed;1
ausssc;canceraustralia;Directed;1
drdina1;erikdoster;Directed;1
mrodriguesmd;goldenbergderm;Directed;1
itstalecia;troyesivan;Directed;4
carolin35724834;dove;Directed;1
beltcam;campaignliveus;Mixed;1
mbbl_tweets;dermalogicaaus;Directed;2
thehealthygp;stlee_au;Directed;1
mrodriguesmd;entrepreneur;Mixed;2
persuasiveprose;sallyhogshead;Directed;1
scuraido;richroll;Directed;1
dgoaim;fungmaxwell;Mixed;1
jacksonlangford;vrunt;Mixed;1
goldwynpope;carolagmakeup;Mixed;2
mrodriguesmd;dermaedu;Directed;1
drbarsoumr;pahospital;Mixed;1
dermalogicaaus;thatnatreilly;Directed;1
dgoaim;cochraneuk;Mixed;2
crimsonthunder_;dove;Directed;1
goldwynpope;kerrywashington;Directed;3
coraliealison;dove;Directed;1
uq_news;uqdrc;Mixed;2
enchikhyde;thamkhaimeng;Mixed;1
cre_telehealth;anna_finnane;Directed;2
dgoaim;mayoclinic;Mixed;3
tri_info;uq_news;Directed;2
thetruthexpress;dove;Directed;1
mrodriguesmd;drsimlewgor;Directed;1
professorjanna;hpsoyer;Mixed;1
dgoaim;bbcbreaking;Mixed;5
jessicasimone03;makesmilk;Directed;1
proactivaus;proactiv;Directed;1
itstalecia;karenxw_;Directed;3
a_evangeli;uqdrc;Directed;1
i_am_clovitus;msveruca;Directed;1
docandrewj;thehealthygp;Directed;1
damonbenno;amymarieg;Mixed;1
dgoaim;askdermmd;Mixed;1
mrodriguesmd;cebdnottm;Directed;1
kaihodgkin;sallyjdowling;Directed;1
anakinbiwalker;dove;Directed;1
dgoaim;uptodate;Mixed;7
jessicasimone03;dove;Directed;1
empire_angiez;unilever;Mixed;1
abbygigi1981;theferocity;Directed;1
ifuckwithmiley;cetaphil_au;Directed;1
absoluteskinau;dermalogicaaus;Directed;3
loveluce_xo;simpleskincare;Directed;1
kate_carnell;andy_merrick;Directed;1
6ixx_peach;neutrogena;Directed;1
thehealthygp;healingmb;Mixed;1
mincle;amoz1972;Directed;4
anzspm16;thehealthygp;Mixed;3
tribeflare;dove;Directed;1
thehealthygp;ruraldoctorsaus;Directed;2
lucy_macarthur;thisisamplify;Directed;1
mrodriguesmd;dermcenterral;Mixed;1
caitfigueiredo;teenvogue;Directed;1
_charfrances;pricelineau;Directed;1
wildsivanna;nashgrier;Directed;1
chewxy;dove;Mixed;1
naevicre;uqdrc;Mixed;29
quinn_gascoine;ashleybnicholas;Mixed;1
cre_telehealth;uqmedicine;Directed;3
aghcid;dove;Mixed;1
hlthequitymdhs;unimelbmdhs;Mixed;1
iamsefjam;hcurriebeauty;Directed;1
jiangyin;nanogeekette;Directed;1
gilliespace;hannah_utah;Directed;1
dangerdolanss;neutrogena;Directed;2
kiwicreatures;idkitsben;Directed;1
pricelineau;larocheposay_au;Directed;1
cathgrey;sallyjsara;Directed;1
almightyljp;whippinmy_lexus;Mixed;1
proactivaus;kiansaussiebabe;Directed;1
stefanobris;naevicre;Mixed;1
purposepeople;google;Directed;1
dgoaim;cnn;Mixed;1
thehealthygp;lanehinchcliffe;Directed;1
hpsoyer;wiredscience;Mixed;1
parfoundation;hpsoyer;Mixed;1
proactivaus;proactivau;Directed;4
abey_australia;dermalogicaaus;Directed;1
nickhongsenglee;ausssc;Directed;1
drsaxonsmith;bradhazzard;Mixed;1
pitrko;olayskin;Mixed;1
david_bui_;drsaxonsmith;Mixed;2
australiandr;elliott_rohan;Mixed;1
prajwaltuladhar;wsj6269j;Mixed;1
sirive;vrunt;Mixed;1
amoz1972;emmanuelmacron;Directed;1
thehealthygp;amateursuman;Directed;1
dgoaim;finalyearphd;Mixed;1
plasticdiaries;latherrinserpt;Directed;2
thehealthygp;yvesschoof;Directed;1
platinumderma;platderma;Directed;1
spark0ver;dandad;Mixed;1
thekathoyos;dermalogicaaus;Directed;1
thenathanparker;dove;Directed;1
msmansk;perezhilton;Mixed;1
elliott_rohan;kmol62;Directed;1
sophie_bella13;bloggerstribe;Directed;1
vagniou;sinny1g1b;Directed;3
itstalecia;cocacola;Directed;1
kiakho;hpsoyer;Mixed;10
slbaldry;kangaroobeach;Mixed;1
ausssc;tri_info;Directed;2
nsdermatology;skincancerorg;Mixed;1
dgoaim;rolandgarros;Mixed;1
thehealthygp;venessb;Directed;1
prachipreaches;nike;Directed;1
jamieandrei;fastcompany;Mixed;1
hagsie;thehealthygp;Mixed;1
petehong86;dove;Directed;1
bee3105;uqmedicine;Mixed;2
platinumderma;mnt;Directed;2
prajwaltuladhar;kangaroobeach;Mixed;1
pieashy;nashgrier;Mixed;1
haiaielperez;thisisamplify;Mixed;1
meisshaily;hpsoyer;Directed;1
naevicre;nhmrc;Directed;1
mrodriguesmd;jesslburke;Directed;2
parfoundation;tri_info;Mixed;1
_midofo_;handsomemurri;Directed;1
choisse_8_nous;amnestyoz;Mixed;1
kuroshparsi;uip_2018;Mixed;1
_kev_el;vaselinebrand;Mixed;1
thekathoyos;foxstudiosaus;Directed;1
hpsoyer;melanoma;Directed;1
model_appetite;larocheposay_au;Directed;1
sunnycsharma;thehealthygp;Directed;1
purplecuri_;muradskincare;Directed;1
iitalw;karlskib;Directed;3
amoz1972;richardsqbi;Directed;1
emsharley;dove;Directed;1
hpsoyer;ipcc2017;Directed;4
hollylaslo;dove;Directed;1
hpsoyer;ipcc;Directed;2
tarlprow;thepeerj;Directed;1
lifeiinherbs;skinceuticals;Mixed;1
esseeeayeenn;dove;Directed;2
anakinbiwalker;whitecastle;Directed;1
thehealthygp;sunnycsharma;Directed;1
lorealaustralia;larocheposayfr;Directed;1
mrodriguesmd;pontifex;Mixed;1
shaniquaqks;neutrogena;Directed;1
thehealthygp;kangaroobeach;Directed;1
cameronkimjones;vaselinebrand;Directed;1
fibromodem;neutrogena;Directed;1
dr_polarbird;thehealthygp;Mixed;2
beaverdugong;dermalogicaaus;Directed;1
mrodriguesmd;bajanjules27;Directed;1
elizabethconto2;hpsoyer;Mixed;5
